term,status,priority,score,grades,source_pages,source_types,occurrences,category_guess,definition_note
調べる,existing,A,1091,"3,4,5,6","3年:7,8,11,13,15,16,17,19,21,23,25,27,28,29,30,31...(+67) / 4年:2,7,8,11,12,16,17,19,21,23,25,27,30,31,34,35...(+95) / 5年:7,8,11,13,15,17,20,21,22,23,25,27,29,31,32,33...(+97) / 6年:2,7,8,13,15,17,18,19,21,23,25,27,28,29,30,31...(+122)",full-text-heuristic|learning-method,96,学び方,社会科で調べ、考え、表すときに使う方法の言葉。何をする場面で使うか、どんな手順か、学習問題との関係を説明する。
まとめる,existing,A,900,"3,4,5,6","3年:2,6,7,8,11,13,15,16,17,19,21,22,23,25,27,29...(+68) / 4年:2,5,6,7,8,16,17,19,21,23,25,27,31,35,37,39...(+69) / 5年:6,7,8,11,13,15,17,20,21,23,25,27,29,31,33,35...(+83) / 6年:2,6,7,8,13,15,17,19,21,23,25,27,29,31,33,34...(+113)",learning-method,1,学び方,社会科で調べ、考え、表すときに使う方法の言葉。何をする場面で使うか、どんな手順か、学習問題との関係を説明する。
つかむ,existing,A,844,"3,4,5,6","3年:7,11,13,15,17,19,21,23,25,27,29,31,33,35,37,39...(+54) / 4年:7,17,19,21,23,25,27,31,35,37,39,41,43,45,47,49...(+64) / 5年:7,11,13,15,17,20,21,23,25,27,29,31,33,35,37,39...(+80) / 6年:7,13,15,17,19,21,23,25,27,29,31,33,35,37,39,41...(+107)",learning-method,1,学び方,社会科で調べ、考え、表すときに使う方法の言葉。何をする場面で使うか、どんな手順か、学習問題との関係を説明する。
くに,new-candidate,A,807,"3,4,5,6","3年:2,4,11,12,15,32,50,52,60,62,64,66,70,71,73,76...(+11) / 4年:2,4,17,19,26,28,35,42,67,70,80,87,88,89,92,103...(+39) / 5年:2,9,10,11,12,13,14,15,16,17,18,19,20,22,23,24...(+86) / 6年:1,2,5,10,11,15,16,17,19,20,22,23,24,25,26,27...(+153)",explicit-keyword,1,社会,本文で重要な社会科語として扱う。何を表す言葉か、どの単元で使うか、くらしや社会との関係を説明する。
問い,existing,A,700,"3,4,5,6","3年:7,11,13,15,17,19,23,25,27,29,31,33,35,37,39,41...(+44) / 4年:7,17,19,21,23,25,31,35,37,39,41,45,47,51,55,57...(+50) / 5年:11,13,15,17,21,23,25,29,33,35,37,39,42,44,47,49...(+62) / 6年:13,15,17,19,21,23,25,27,29,31,35,37,39,41,43,45...(+77)",learning-method,1,学び方,社会科で調べ、考え、表すときに使う方法の言葉。何をする場面で使うか、どんな手順か、学習問題との関係を説明する。
地図,existing,A,402,"3,4,5,6","3年:1,2,3,4,5,16,17,18,19,20,21,22,24,25,26,28...(+36) / 4年:1,2,3,4,5,10,11,12,13,14,15,16,17,18,19,21...(+39) / 5年:2,4,5,8,9,10,11,12,14,15,20,21,22,23,24,25...(+13) / 6年:3,5,164,242,261,296",full-text-heuristic|learning-method,3,学び方,社会科で調べ、考え、表すときに使う方法の言葉。何をする場面で使うか、どんな手順か、学習問題との関係を説明する。
学習問題,existing,A,351,"3,4,5,6","3年:7,8,15,16,21,27,28,53,54,65,71,82,85,94,99,100...(+8) / 4年:7,8,16,27,28,33,34,43,44,53,54,67,73,85,86,98...(+26) / 5年:2,5,7,8,22,28,30,31,32,46,70,71,87,90,91,103...(+12) / 6年:2,5,7,8,17,18,33,34,47,48,83,84,93,109,119,132...(+4)",full-text-heuristic|learning-method,8,学び方,社会科で調べ、考え、表すときに使う方法の言葉。何をする場面で使うか、どんな手順か、学習問題との関係を説明する。
政治,existing,A,342,"4,6","4年:186 / 6年:1,2,5,9,15,16,17,19,20,22,24,25,26,27,30,31...(+88)",explicit-keyword|full-text-heuristic,7,政治,社会のきまりや政治のしくみを表す言葉。だれが、何を、何のために行うのか、くらしとの関係を説明する。
ノート,existing,A,340,"3,4,5,6","3年:34,42,82,93,94,101,152,158,166,169,170 / 4年:16,24,28,33,34,43,53,63,67,69,87,88,98,105,106,110...(+21) / 5年:12,15,16,20,22,23,32,40,41,42,43,44,45,46,77,79...(+35) / 6年:16,28,33,44,47,50,106,109,128,141,176,210,219,252,267,269...(+2)",learning-method,1,学び方,社会科で調べ、考え、表すときに使う方法の言葉。何をする場面で使うか、どんな手順か、学習問題との関係を説明する。
産業,existing,A,336,"4,5,6","4年:7,14,16,20,21,22,27,28,78,161,163,164,165,166,213,217 / 5年:1,7,30,31,32,42,43,46,64,89,90,91,98,99,100,101...(+36) / 6年:5,27,28,44,55,69,74,75,76,127,161,167,174,177,179,180...(+18)",explicit-keyword|full-text-heuristic,7,産業,ものをつくる、運ぶ、売る仕事に関わる言葉。生産者・消費者・地域・外国とのつながりを説明する。
話し合い,new-candidate,A,321,"3,4,5,6","3年:15,21,23,25,33,43,49,51,54,71,75,76,78,83,85,89...(+12) / 4年:9,11,14,16,17,18,19,21,25,30,31,33,34,40,43,44...(+35) / 5年:17,90,100,101,104,114,119,172,177,178,201,214,224,239 / 6年:16,17,18,20,25,27,29,41,43,50,52,62,83,84,127,187...(+6)",learning-method,1,学び方,社会科で調べ、考え、表すときに使う方法の言葉。何をする場面で使うか、どんな手順か、学習問題との関係を説明する。
資料,existing,A,310,"3,4,5,6","3年:3,131,132,134,135,136,137,143,145 / 4年:3,11,13,16,21,23,33,54,64,65,73,75,84,86,117,118...(+10) / 5年:1,2,5,8,17,21,22,27,31,32,40,41,42,44,45,46...(+25) / 6年:2,4,5,8,17,21,24,30,45,52,74,83,84,154,236,242...(+5)",learning-method,1,学び方,社会科で調べ、考え、表すときに使う方法の言葉。何をする場面で使うか、どんな手順か、学習問題との関係を説明する。
年表,existing,A,297,"3,4,5,6","3年:2,140,141,142,146,152,154,155,156,157,176,177 / 4年:2,5,83,84,101,102,111,113,117,135,136,151,153,176 / 5年:213,214 / 6年:1,2,5,10,74,75,84,132,187,188,201,202,222,234,251,256...(+1)",explicit-keyword|learning-method,2,学び方,社会科で調べ、考え、表すときに使う方法の言葉。何をする場面で使うか、どんな手順か、学習問題との関係を説明する。
交通,existing,A,290,"3,4,5,6","3年:16,19,21,22,28,33,45,104,115,116,117,118,119,120,121,122...(+16) / 4年:7,16,24,25,26,27,28,87,106,112,114,161,213,217 / 5年:51,59,95,103,114,154,203,204,207,211,215,218,219,223 / 6年:6,27,34,54,103,115,134,135,155,159,161,162,171,203,234,245...(+2)",explicit-keyword|full-text-heuristic,9,社会,本文で重要な社会科語として扱う。何を表す言葉か、どの単元で使うか、くらしや社会との関係を説明する。
情報,existing,A,290,"4,5,6","4年:2,8,88,89,90,105,106,110,112,114,158 / 5年:1,2,3,67,75,85,89,96,103,112,115,147,150,162,168,175...(+36) / 6年:1,2,3,18,28,38,39,40,44,58,73,74,84,150,211,222...(+3)",explicit-keyword,1,社会,本文で重要な社会科語として扱う。何を表す言葉か、どの単元で使うか、くらしや社会との関係を説明する。
むら,new-candidate,A,267,"3,4,5,6","3年:25,65,84,119,145 / 4年:17,19,20,55,64,101,102,121,142,143,147,152,153,154,162,163...(+9) / 5年:25,27,29,30,31,32,39,42,44,45,59,66,98,102,160,196...(+1) / 6年:46,75,76,82,84,85,86,87,89,94,98,107,108,115,125,126...(+20)",explicit-keyword,1,社会,本文で重要な社会科語として扱う。何を表す言葉か、どの単元で使うか、くらしや社会との関係を説明する。
予想,existing,A,266,"3,4,5,6","3年:7,8,16,21,27,28,55,65,71,85,99,100,117,118,133,134...(+2) / 4年:7,8,16,28,30,34,54,61,76,84,86,89,90,91,92,95...(+10) / 5年:4,7,8,22,30,31,32,38,52,70,71,72,83,91,127,128...(+7) / 6年:7,8,18,34,36,43,44,84,130,132,188",full-text-heuristic|learning-method,5,学び方,社会科で調べ、考え、表すときに使う方法の言葉。何をする場面で使うか、どんな手順か、学習問題との関係を説明する。
方位,existing,A,250,"3,5,6","3年:2,6,13,14,21,25,26,173,174,177 / 5年:2,10,13,148 / 6年:86,87,98,164,195,196",explicit-keyword|full-text-heuristic|learning-method,5,学び方,社会科で調べ、考え、表すときに使う方法の言葉。何をする場面で使うか、どんな手順か、学習問題との関係を説明する。
人口,existing,A,246,"3,4,5,6","3年:145,146,150,151,152,154,155,156,157,158,159,160,162,166,176,177 / 4年:6,36,60,66,70,169,199,200,201 / 5年:198,206,208 / 6年:2,36,37,43,44,45,47,59,61,71,84,87,147,155,156,168...(+13)",explicit-keyword|full-text-heuristic,17,社会,本文で重要な社会科語として扱う。何を表す言葉か、どの単元で使うか、くらしや社会との関係を説明する。
地形,existing,A,240,"3,4,5,6","3年:35,44,177 / 4年:2,6,7,14,16,17,18,19,20,22,25,26,27,28,139,140...(+6) / 5年:1,7,21,23,24,26,27,28,29,30,31,32,38,42,46,52...(+11) / 6年:246",explicit-keyword|full-text-heuristic,9,地理,場所や広がり、自然条件を表す言葉。地図での位置、特色、人々のくらしとの関係を説明する。
米づくり,existing,A,239,"4,5,6","4年:133,134,159 / 5年:1,50,54,56,64,67,68,69,70,71,72,73,74,75,76,78...(+20) / 6年:2,6,73,75,81,82,83,84,85,86,87,93,94,251,293",explicit-keyword|full-text-heuristic,6,産業,ものをつくる、運ぶ、売る仕事に関わる言葉。生産者・消費者・地域・外国とのつながりを説明する。
発表,existing,A,236,"3,4,5,6","3年:49,51,52,53,59,61,82,89,96,112,114 / 4年:4,10,49,51,54,69,98,109,110,116,117,128,130,135,156,158...(+8) / 5年:3,4,22,28,144,213,219,239 / 6年:4,15,28,50,66,76,109,177,179,183,189,191,192,202,218,248...(+6)",learning-method,1,学び方,社会科で調べ、考え、表すときに使う方法の言葉。何をする場面で使うか、どんな手順か、学習問題との関係を説明する。
資源,existing,A,233,"4,5,6","4年:32,33,35,36,41,42,43,44,45,46,47,48,49,50,71,217 / 5年:1,37,101,102,103,106,123,139,141,146,153,156,173,174,234,242...(+2) / 6年:168,196,209,210,212,256,261,262,281,282,285",explicit-keyword|full-text-heuristic,18,環境,自然や資源、環境を守る取り組みに関わる言葉。問題点、工夫、これからのくらしとの関係を説明する。
学習計画,existing,A,230,"3,4,5,6","3年:7,8,16,27,28,55,71,85,99,100,117,118,133,134,145,146 / 4年:7,8,16,54,85,86,99,100,117,118,124,133,134,164,177,178...(+4) / 5年:7,8,22,31,71,72,91,127,148,179,214 / 6年:2,7,8,17,18,38,84,187,188,222,241,242",full-text-heuristic|learning-method,7,学び方,社会科で調べ、考え、表すときに使う方法の言葉。何をする場面で使うか、どんな手順か、学習問題との関係を説明する。
つながり,new-candidate,A,227,"3,4,5,6","3年:48,66,71,73,79,81,82,85,93,94,114,120,126,176 / 4年:1,48,109,199,200 / 5年:2,18,85,106,132,144,176,194,200,206,225,228 / 6年:1,9,17,18,21,28,30,34,42,58,74,94,103,105,110,161...(+21)",learning-method,1,学び方,社会科で調べ、考え、表すときに使う方法の言葉。何をする場面で使うか、どんな手順か、学習問題との関係を説明する。
インターネット,existing,A,225,"3,4,5,6","3年:3,4,28,68,100,118,142,167,168 / 4年:3,4,16,89 / 5年:3,31,32,67,72,75,77,112,157,168,169,176,177,179,183,185...(+15) / 6年:3,18,28,37,38,73,84,242,249,255",full-text-heuristic|learning-method,2,学び方,社会科で調べ、考え、表すときに使う方法の言葉。何をする場面で使うか、どんな手順か、学習問題との関係を説明する。
個人情報,existing,A,225,5,"5年:200,202,206,261",explicit-keyword|learning-method,2,学び方,社会科で調べ、考え、表すときに使う方法の言葉。何をする場面で使うか、どんな手順か、学習問題との関係を説明する。
カード,existing,A,222,"3,4,5,6","3年:2,3,16,49,50,61,64,66,68,101,128,134,135,139,140,141...(+13) / 4年:3,13,56,57,58,67,161,187 / 5年:4,8,20,71,103,104,119,127,157,171,187,191,196,198,200,201 / 6年:3,153,188,219,234",learning-method,1,学び方,社会科で調べ、考え、表すときに使う方法の言葉。何をする場面で使うか、どんな手順か、学習問題との関係を説明する。
理由,existing,A,210,"3,4,5,6","3年:50,57,70,97,107,114,158 / 4年:19,30,35,36,45,63,69,92,98,104,110,111,123,171,172,188...(+2) / 5年:9,80,81,83,142,147,160,165,236,246,252 / 6年:14,22,48,119,146,153,183,185,220,225,264,273,277,285,286,287",learning-method,1,学び方,社会科で調べ、考え、表すときに使う方法の言葉。何をする場面で使うか、どんな手順か、学習問題との関係を説明する。
貿易,existing,A,208,"5,6","5年:1,147,148,152,153,154,155,156,164,165,250,261 / 6年:114,121,135,136,138,141,148,149,150,151,152,154,167,173,174,175...(+12)",explicit-keyword|full-text-heuristic,3,産業,ものをつくる、運ぶ、売る仕事に関わる言葉。生産者・消費者・地域・外国とのつながりを説明する。
出荷,existing,A,207,"3,4,5,6","3年:80,81,88,91,177 / 4年:23,24,193 / 5年:35,36,40,41,42,43,46,54,55,72,74,77,94,95,96,97...(+17) / 6年:46",explicit-keyword|full-text-heuristic,8,社会,本文で重要な社会科語として扱う。何を表す言葉か、どの単元で使うか、くらしや社会との関係を説明する。
防災,existing,A,205,"3,4,5,6","3年:98 / 4年:83,85,86,87,88,89,90,91,93,94,97,98,105,106,107,108...(+4) / 5年:5,58,146,185,214,215,218,219,221,222,224,261 / 6年:42,49,58,69,203",explicit-keyword|full-text-heuristic,4,安全・防災,安全を守るしくみや備えを表す言葉。災害・事故に対して、だれがどのように行動するかを説明する。
意見,new-candidate,A,205,"3,4,5,6","3年:3,4,65,114 / 4年:3,6,49,211 / 5年:4,6,8,22,30,119,120,184,186,190,202,216,236,246,249 / 6年:2,3,4,6,8,10,17,19,20,30,34,41,43,48,49,50...(+18)",learning-method,1,学び方,社会科で調べ、考え、表すときに使う方法の言葉。何をする場面で使うか、どんな手順か、学習問題との関係を説明する。
原料,existing,A,203,"3,4,5,6","3年:73,74,77,79,80,81,82,90,177 / 4年:24,38,39,42,43,44,46 / 5年:35,50,111,113,118,139,141,143,144,145,146,148,151,152,153,154...(+6) / 6年:168,214,261,278",explicit-keyword|full-text-heuristic,4,社会,本文で重要な社会科語として扱う。何を表す言葉か、どの単元で使うか、くらしや社会との関係を説明する。
ふり返り,existing,A,202,"3,4,5,6","3年:11,65,75,82,93,111,112,127,142,161 / 4年:43,77,97,129,151,171,197,209,213 / 5年:20,52,103,114,116,119,176,187,235,245,249 / 6年:17,33,47,109,119,128,141,153,167,183,219,234,237,238,286,287...(+2)",learning-method,1,学び方,社会科で調べ、考え、表すときに使う方法の言葉。何をする場面で使うか、どんな手順か、学習問題との関係を説明する。
都道府県,existing,A,200,"3,4,5,6","3年:1,172,177 / 4年:1,6,10,11,12,13,14,160,215,217 / 5年:5,62,67,68,84,90,97,107,215,216,219,221,227,258 / 6年:19,25,31,32,39,42,45,53,54,56,58,62",explicit-keyword|full-text-heuristic,7,社会,本文で重要な社会科語として扱う。何を表す言葉か、どの単元で使うか、くらしや社会との関係を説明する。
観光,new-candidate,A,199,"4,5,6","4年:10,11,12,14,116,121,123,161,162,176,177,178,183,185,187,190...(+6) / 5年:31,32,33,34,37,43,46,47,57,58,111,203,204 / 6年:63,64,66,162,241,242,250,257,269,284",explicit-keyword|full-text-heuristic,9,社会,本文で重要な社会科語として扱う。何を表す言葉か、どの単元で使うか、くらしや社会との関係を説明する。
選挙,existing,A,195,"5,6","5年:184,188 / 6年:7,17,18,19,20,25,26,30,33,34,42,48,50,64,69,70...(+15)",explicit-keyword|full-text-heuristic,4,政治,社会のきまりや政治のしくみを表す言葉。だれが、何を、何のために行うのか、くらしとの関係を説明する。
権利,existing,A,192,6,"6年:14,15,16,19,21,22,26,28,29,34,50,76,137,152,174,178...(+16)",explicit-keyword|full-text-heuristic,3,政治,社会のきまりや政治のしくみを表す言葉。だれが、何を、何のために行うのか、くらしとの関係を説明する。
自然災害,existing,A,192,"4,5,6","4年:1,81,82,85,90,214,216 / 5年:1,2,5,6,189,210,211,212,213,214,216,217,221,222,223,224...(+3) / 6年:5,6,32,58,284,285",explicit-keyword|full-text-heuristic,3,安全・防災,安全を守るしくみや備えを表す言葉。災害・事故に対して、だれがどのように行動するかを説明する。
文化財,existing,A,190,"4,5,6","4年:116,124,125,126,129,130,155,178,180,181,182,183,187,188,217 / 5年:247,248,259 / 6年:1,2,72,73,78,120,160,180,216,237,291,296",explicit-keyword|full-text-heuristic,5,歴史,歴史を理解する手がかりになる言葉。人物・文化財・制度・できごとの意味と、時代の変化との関係を説明する。
日本国憲法,existing,A,190,6,"6年:6,7,12,14,15,16,17,19,20,21,23,25,33,34,44,76...(+10)",explicit-keyword|full-text-heuristic,13,政治,社会のきまりや政治のしくみを表す言葉。だれが、何を、何のために行うのか、くらしとの関係を説明する。
武士,existing,A,189,6,"6年:1,2,75,76,111,112,113,115,116,118,119,122,124,128,138,139...(+12)",explicit-keyword|full-text-heuristic,8,歴史,歴史を理解する手がかりになる言葉。人物・文化財・制度・できごとの意味と、時代の変化との関係を説明する。
SDGs,existing,A,188,"3,4,5,6","3年:1,2,44,66,82,94,112,128,158,163 / 4年:1,2,50,69,98,110,215 / 5年:2,7,104,120,172,236,241,246,251,252 / 6年:2,7,67,168,236,282,286,288,295",explicit-keyword,1,国際,日本と世界のつながりを表す言葉。国や地域の違い、協力、課題解決との関係を説明する。
法律,existing,A,188,"4,5,6","4年:50 / 5年:200,240 / 6年:14,15,16,18,20,22,25,26,27,29,30,31,34,36,41,45...(+17)",explicit-keyword,1,政治,社会のきまりや政治のしくみを表す言葉。だれが、何を、何のために行うのか、くらしとの関係を説明する。
古墳,existing,A,185,"5,6","5年:247 / 6年:2,74,75,89,90,91,93,94,96,110,112,122,132,144,156,172...(+6)",explicit-keyword|full-text-heuristic,14,歴史,歴史を理解する手がかりになる言葉。人物・文化財・制度・できごとの意味と、時代の変化との関係を説明する。
大名,existing,A,184,6,"6年:2,121,125,129,131,132,134,135,137,138,139,140,141,142,143,144...(+13)",explicit-keyword,1,歴史,歴史を理解する手がかりになる言葉。人物・文化財・制度・できごとの意味と、時代の変化との関係を説明する。
記録,existing,A,180,"3,4,5,6","3年:2,3,74,134,169 / 4年:3,4,30,31,51,55,158,181 / 5年:3,12,20,98,112,177,191,193,196,198,204,239,240 / 6年:1,2,3,72,74,91,137,220,226,231,236",learning-method,1,学び方,社会科で調べ、考え、表すときに使う方法の言葉。何をする場面で使うか、どんな手順か、学習問題との関係を説明する。
国会,existing,A,179,6,"6年:19,20,22,25,26,27,28,30,31,33,34,50,70,76,185,187...(+12)",explicit-keyword|full-text-heuristic,8,政治,社会のきまりや政治のしくみを表す言葉。だれが、何を、何のために行うのか、くらしとの関係を説明する。
見学,existing,A,176,"3,4,5,6","3年:17,28,41,55,57,71,72,73,75,81,83,85,86,91,100,101...(+8) / 4年:34,37,54,57,62,83 / 5年:128 / 6年:72,73,74,163",learning-method,1,学び方,社会科で調べ、考え、表すときに使う方法の言葉。何をする場面で使うか、どんな手順か、学習問題との関係を説明する。
インタビュー,existing,A,174,"3,4,5,6","3年:4,17,18,29,54,55,59,63,65,70,84,100,101,105,118,121...(+11) / 4年:4,5 / 5年:72,181 / 6年:119,141,253",learning-method,1,学び方,社会科で調べ、考え、表すときに使う方法の言葉。何をする場面で使うか、どんな手順か、学習問題との関係を説明する。
値段,existing,A,174,"3,5,6","3年:55,65,66,177 / 5年:78,82,84,89,93,94,96,108,115,119,154,165,193,231,232 / 6年:170,175,199,207,211",explicit-keyword|full-text-heuristic,11,社会,本文で重要な社会科語として扱う。何を表す言葉か、どの単元で使うか、くらしや社会との関係を説明する。
税金,existing,A,174,"3,5,6","3年:153,155,177 / 5年:115 / 6年:27,31,32,33,41,42,43,44,56,62,179,180,187,190,192,202...(+2)",explicit-keyword|full-text-heuristic,15,政治,社会のきまりや政治のしくみを表す言葉。だれが、何を、何のために行うのか、くらしとの関係を説明する。
江戸時代,new-candidate,A,174,6,"6年:6,66,76,78,92,120,147,148,149,151,155,156,157,159,160,161...(+15)",explicit-keyword|full-text-heuristic,2,歴史,歴史の時期や政治の中心を表す言葉。前後の時代との違い、政治のしくみ、人々のくらしを説明する。
ふせん,existing,A,172,"3,4,5,6","3年:3,176 / 4年:3,20,22,24,26,27,28,124,138,141,143,151,177,198 / 5年:27,28,71,119,127,142,156,157,164,171,172,187,201,245 / 6年:3,76,188",learning-method,1,学び方,社会科で調べ、考え、表すときに使う方法の言葉。何をする場面で使うか、どんな手順か、学習問題との関係を説明する。
江戸幕府,existing,A,172,6,"6年:76,132,139,140,141,143,144,145,146,147,148,152,153,154,172,175...(+6)",explicit-keyword|full-text-heuristic,3,歴史,歴史の時期や政治の中心を表す言葉。前後の時代との違い、政治のしくみ、人々のくらしを説明する。
グラフ,existing,A,166,"3,4,5,6","3年:2,51,52,115,116,151,152,154 / 4年:2,6,21,22,45,75 / 5年:2,6,22,25,33,39,46,83 / 6年:2,6,36",learning-method,1,学び方,社会科で調べ、考え、表すときに使う方法の言葉。何をする場面で使うか、どんな手順か、学習問題との関係を説明する。
領土,existing,A,165,"5,6","5年:17,18,19,20,21,52,68,100,261 / 6年:45,193,195,209,226,231,232,251,294",explicit-keyword|full-text-heuristic,4,地理,場所や広がり、自然条件を表す言葉。地図での位置、特色、人々のくらしとの関係を説明する。
説明,new-candidate,A,165,"3,4,5,6","3年:4,167 / 4年:98,99,110,117,118,124,125,133,137,185,188 / 5年:2,9,26,156,171,172,186,190,196,228 / 6年:4,24,26,33,34,48,128,153,163,167,179,183,233,286",learning-method,1,学び方,社会科で調べ、考え、表すときに使う方法の言葉。何をする場面で使うか、どんな手順か、学習問題との関係を説明する。
山地,existing,A,164,"4,5","4年:12,18,26,27,28 / 5年:23,24,26,27,28,65,224,226,247,248,260,261",explicit-keyword|full-text-heuristic,5,地理,場所や広がり、自然条件を表す言葉。地図での位置、特色、人々のくらしとの関係を説明する。
白地図,existing,A,164,"3,4,5,6","3年:2,3,16,17,19,26,37,43,51,61,109,128,169,175 / 4年:3,13,211 / 5年:4,8,27,63,67,157 / 6年:3",learning-method,1,学び方,社会科で調べ、考え、表すときに使う方法の言葉。何をする場面で使うか、どんな手順か、学習問題との関係を説明する。
水田,new-candidate,A,163,"4,5,6","4年:182 / 5年:32,50,55,56,65,66,68,70,72,73,75,76,80,81,82,83...(+6) / 6年:85,86,127",explicit-keyword,1,環境,自然や資源、環境を守る取り組みに関わる言葉。問題点、工夫、これからのくらしとの関係を説明する。
公害,existing,A,162,"5,6","5年:239,240,241,242,243,244,245,246,247,261 / 6年:76,197,229,230,236,293",explicit-keyword|full-text-heuristic,5,環境,自然や資源、環境を守る取り組みに関わる言葉。問題点、工夫、これからのくらしとの関係を説明する。
地図帳,existing,A,161,"3,4,5,6","3年:2,34,61,171,172 / 4年:10,11,12,13,14,15,54,134,202 / 5年:11,12,24,32,157,253 / 6年:242,261",full-text-heuristic|learning-method,2,学び方,社会科で調べ、考え、表すときに使う方法の言葉。何をする場面で使うか、どんな手順か、学習問題との関係を説明する。
平野,existing,A,161,"4,5","4年:6,17,18,22,26,27,28 / 5年:23,24,27,63,66,68,255,256,261",explicit-keyword|full-text-heuristic,4,地理,場所や広がり、自然条件を表す言葉。地図での位置、特色、人々のくらしとの関係を説明する。
疑問,new-candidate,A,161,"4,5,6","4年:7,16,32,33,34,51,53,54,99,117,118,133,135,163,164,177...(+4) / 5年:5,7,22,45,72,126,164,249 / 6年:5,7,17,73,83,129,222",learning-method,1,学び方,社会科で調べ、考え、表すときに使う方法の言葉。何をする場面で使うか、どんな手順か、学習問題との関係を説明する。
台風,existing,A,160,"4,5,6","4年:102 / 5年:6,26,27,28,31,32,35,36,37,38,45,46,54,55,63,111...(+3) / 6年:32,186",explicit-keyword,1,地理,場所や広がり、自然条件を表す言葉。地図での位置、特色、人々のくらしとの関係を説明する。
土地の様子,existing,A,160,"3,4","3年:4,16,19,21,28,43,44,45,130,173,175,177 / 4年:9,16,17,139,140,163,189",explicit-keyword|full-text-heuristic,7,地理,場所や広がり、自然条件を表す言葉。地図での位置、特色、人々のくらしとの関係を説明する。
浄水場,existing,A,160,"3,4,6","3年:46 / 4年:55,56,57,58,59,60,61,62,67,68,69,217 / 6年:283",explicit-keyword|full-text-heuristic,7,環境,自然や資源、環境を守る取り組みに関わる言葉。問題点、工夫、これからのくらしとの関係を説明する。
ダム,existing,A,159,"4,5,6","4年:55,56,58,60,61,62,63,67,68,69,74,76,108,217 / 5年:38,219,228 / 6年:229",explicit-keyword|full-text-heuristic,8,社会,本文で重要な社会科語として扱う。何を表す言葉か、どの単元で使うか、くらしや社会との関係を説明する。
情報通信技術,new-candidate,A,159,"5,6","5年:1,2,191,192,193,194,196,197,198,199,200,201,202,203,204,205...(+5) / 6年:245",explicit-keyword|full-text-heuristic,5,社会,本文で重要な社会科語として扱う。何を表す言葉か、どの単元で使うか、くらしや社会との関係を説明する。
確認,new-candidate,A,159,"4,5,6","4年:104,163 / 5年:98,129,131,132,137,147,181,182,185,187,190,195,198,205,206,215...(+2) / 6年:28,42,43,74,110,119,145,288,296",explicit-keyword,1,社会,本文で重要な社会科語として扱う。何を表す言葉か、どの単元で使うか、くらしや社会との関係を説明する。
予算,existing,A,158,6,"6年:25,27,41,42,43,48,49,56,62,64,193,203,211,229,295",explicit-keyword|full-text-heuristic,3,政治,社会のきまりや政治のしくみを表す言葉。だれが、何を、何のために行うのか、くらしとの関係を説明する。
想像図,existing,A,158,"4,6","4年:133,137,140,141,145,147 / 6年:2,74,79,80,81,82,83,85,90,95,102,105,112,127,133,137...(+4)",learning-method,1,学び方,社会科で調べ、考え、表すときに使う方法の言葉。何をする場面で使うか、どんな手順か、学習問題との関係を説明する。
史跡,existing,A,156,"4,6","4年:131,132,151,152,177,178,179,181,182,183,184,187,188,217 / 6年:72,73,74,89",explicit-keyword|full-text-heuristic,5,社会,本文で重要な社会科語として扱う。何を表す言葉か、どの単元で使うか、くらしや社会との関係を説明する。
国際連合,existing,A,156,"5,6","5年:101 / 6年:22,26,67,76,222,225,226,278,279,280,286,293,295",explicit-keyword|full-text-heuristic,3,国際,日本と世界のつながりを表す言葉。国や地域の違い、協力、課題解決との関係を説明する。
サービス,existing,A,155,"3,4,5,6","3年:58,65,67,177 / 4年:89 / 5年:192,196,197,198,199,202,203,204,207 / 6年:39,41,43,45",explicit-keyword|full-text-heuristic,4,社会,本文で重要な社会科語として扱う。何を表す言葉か、どの単元で使うか、くらしや社会との関係を説明する。
国民主権,existing,A,154,6,"6年:15,16,18,19,20,33,48,234,291,295",explicit-keyword|full-text-heuristic,9,社会,本文で重要な社会科語として扱う。何を表す言葉か、どの単元で使うか、くらしや社会との関係を説明する。
平和主義,existing,A,154,6,"6年:15,16,17,18,22,23,33,68,234,291,295",explicit-keyword|full-text-heuristic,7,社会,本文で重要な社会科語として扱う。何を表す言葉か、どの単元で使うか、くらしや社会との関係を説明する。
日露戦争,existing,A,153,6,"6年:76,187,188,193,194,195,196,197,198,201,294",explicit-keyword|full-text-heuristic,6,歴史,歴史上のできごとを表す言葉。いつ、どこで、だれが関わり、社会やくらしがどう変わったかを説明する。
清掃工場,existing,A,152,4,"4年:35,36,37,38,39,40,43,44,45,49,217",explicit-keyword|full-text-heuristic,5,産業,ものをつくる、運ぶ、売る仕事に関わる言葉。生産者・消費者・地域・外国とのつながりを説明する。
土地利用,existing,A,151,"4,5","4年:16,19,20,28,149,161,189,213,217 / 5年:38,42,57,62,63,69,223",explicit-keyword|full-text-heuristic,4,地理,場所や広がり、自然条件を表す言葉。地図での位置、特色、人々のくらしとの関係を説明する。
日清戦争,existing,A,151,6,"6年:76,187,188,193,194,195,197,198,201,294",explicit-keyword|full-text-heuristic,6,歴史,歴史上のできごとを表す言葉。いつ、どこで、だれが関わり、社会やくらしがどう変わったかを説明する。
国際交流,existing,A,150,"4,6","4年:1,201,202,205,207,209,210,213,217 / 6年:241,269",explicit-keyword|full-text-heuristic,3,国際,日本と世界のつながりを表す言葉。国や地域の違い、協力、課題解決との関係を説明する。
地球温暖化,existing,A,150,"4,5,6","4年:75,77 / 5年:139,141,173,217,234,261 / 6年:274,281,295",explicit-keyword|full-text-heuristic,3,社会,本文で重要な社会科語として扱う。何を表す言葉か、どの単元で使うか、くらしや社会との関係を説明する。
大日本帝国憲法,existing,A,150,6,"6年:6,76,187,188,191,192,201,202,237,294",explicit-keyword|full-text-heuristic,5,政治,社会のきまりや政治のしくみを表す言葉。だれが、何を、何のために行うのか、くらしとの関係を説明する。
室町幕府,existing,A,150,6,"6年:75,121,122,128,130,131,134,139,294,296",explicit-keyword|full-text-heuristic,5,歴史,歴史の時期や政治の中心を表す言葉。前後の時代との違い、政治のしくみ、人々のくらしを説明する。
義務,existing,A,150,6,"6年:21,22,31,137,179,185,190,212,223,224,234,272",explicit-keyword,1,政治,社会のきまりや政治のしくみを表す言葉。だれが、何を、何のために行うのか、くらしとの関係を説明する。
見方・考え方,existing,A,150,"3,4,5,6","3年:1,6,161,162,175 / 4年:1,6,213,214 / 5年:1,6,249,250 / 6年:1,6,291,292",learning-method,1,学び方,社会科で調べ、考え、表すときに使う方法の言葉。何をする場面で使うか、どんな手順か、学習問題との関係を説明する。
リサイクル,existing,A,149,"3,4,5,6","3年:64,66,82,163 / 4年:41,42,46,49,50,215,217 / 5年:170,242,261 / 6年:1,168",explicit-keyword,2,環境,自然や資源、環境を守る取り組みに関わる言葉。問題点、工夫、これからのくらしとの関係を説明する。
仏教,existing,A,149,"5,6","5年:247 / 6年:75,90,98,100,101,102,103,109,110,120,134,251,263,294",explicit-keyword|full-text-heuristic,4,社会,本文で重要な社会科語として扱う。何を表す言葉か、どの単元で使うか、くらしや社会との関係を説明する。
公共施設,existing,A,149,"3,5,6","3年:17,21,155,177 / 5年:218 / 6年:14,21,32,53",explicit-keyword|full-text-heuristic,6,社会,本文で重要な社会科語として扱う。何を表す言葉か、どの単元で使うか、くらしや社会との関係を説明する。
国旗,existing,A,149,"3,4,5,6","3年:62 / 4年:206,209,217 / 5年:15,16,20,261 / 6年:240,248,265,267,295",explicit-keyword|full-text-heuristic,8,社会,本文で重要な社会科語として扱う。何を表す言葉か、どの単元で使うか、くらしや社会との関係を説明する。
太平洋戦争,existing,A,149,"5,6","5年:18,44,45 / 6年:203,209,210,212,219,220,294",explicit-keyword|full-text-heuristic,4,歴史,歴史上のできごとを表す言葉。いつ、どこで、だれが関わり、社会やくらしがどう変わったかを説明する。
メディア,existing,A,148,5,"5年:2,177,183,184,185,186,187,188,190,261",explicit-keyword|full-text-heuristic,3,社会,本文で重要な社会科語として扱う。何を表す言葉か、どの単元で使うか、くらしや社会との関係を説明する。
条例,existing,A,148,"5,6","5年:240,245,261 / 6年:19,39,41,42,48,49,66,295",explicit-keyword,1,社会,本文で重要な社会科語として扱う。何を表す言葉か、どの単元で使うか、くらしや社会との関係を説明する。
工業地帯,existing,A,147,5,"5年:159,160,171,239,257,258,261",explicit-keyword|full-text-heuristic,8,産業,ものをつくる、運ぶ、売る仕事に関わる言葉。生産者・消費者・地域・外国とのつながりを説明する。
ウェブサイト,existing,A,146,"3,4,5,6","3年:2,3,168 / 4年:2,3,90 / 5年:1,3,30,31,128,179,199,203,204,215 / 6年:1,3,39,49",learning-method,1,学び方,社会科で調べ、考え、表すときに使う方法の言葉。何をする場面で使うか、どんな手順か、学習問題との関係を説明する。
工業地域,existing,A,146,5,"5年:159,160,171,257,258,261",explicit-keyword|full-text-heuristic,9,産業,ものをつくる、運ぶ、売る仕事に関わる言葉。生産者・消費者・地域・外国とのつながりを説明する。
生かす,existing,A,146,"4,5,6","4年:98,149,178,198 / 5年:5,51,169,170,174,194,203,206,207,221,250 / 6年:19,29,49,50,63",learning-method,1,学び方,社会科で調べ、考え、表すときに使う方法の言葉。何をする場面で使うか、どんな手順か、学習問題との関係を説明する。
明治時代,new-candidate,A,146,"3,6","3年:136 / 6年:76,78,172,178,180,181,183,184,191,198,202,204,236,237,240,245",explicit-keyword|full-text-heuristic,2,歴史,歴史の時期や政治の中心を表す言葉。前後の時代との違い、政治のしくみ、人々のくらしを説明する。
ハザードマップ,existing,A,145,"4,5","4年:89,90,92,95,96,97,108,109,112,217 / 5年:215,261",explicit-keyword|full-text-heuristic,6,社会,本文で重要な社会科語として扱う。何を表す言葉か、どの単元で使うか、くらしや社会との関係を説明する。
新聞,new-candidate,A,145,"4,5,6","4年:31,32,33,48,158 / 5年:169,176,177,178,181,186,189,190,202 / 6年:2,18,63,74,119,181,186,189,190,214,222,242,249",learning-method,1,学び方,社会科で調べ、考え、表すときに使う方法の言葉。何をする場面で使うか、どんな手順か、学習問題との関係を説明する。
国際協力,existing,A,144,"5,6","5年:241 / 6年:1,24,273,283,284,286,295",explicit-keyword|full-text-heuristic,3,国際,日本と世界のつながりを表す言葉。国や地域の違い、協力、課題解決との関係を説明する。
水源の森林,existing,A,144,4,"4年:62,63,64,67,68,69,217",explicit-keyword|full-text-heuristic,5,環境,自然や資源、環境を守る取り組みに関わる言葉。問題点、工夫、これからのくらしとの関係を説明する。
消防団,existing,A,144,"3,4","3年:103,109,110,111,112,113,177 / 4年:88,103,110,112,114",explicit-keyword|full-text-heuristic,5,安全・防災,安全を守るしくみや備えを表す言葉。災害・事故に対して、だれがどのように行動するかを説明する。
売り上げ,existing,A,143,"3,5","3年:53,54,55,57,65,68,161,177 / 5年:94,165,166,192",explicit-keyword|full-text-heuristic,4,社会,本文で重要な社会科語として扱う。何を表す言葉か、どの単元で使うか、くらしや社会との関係を説明する。
平安時代,existing,A,143,6,"6年:6,75,108,111,120,156,167,240",explicit-keyword|full-text-heuristic,2,歴史,歴史の時期や政治の中心を表す言葉。前後の時代との違い、政治のしくみ、人々のくらしを説明する。
地球儀,existing,A,142,"5,6","5年:2,9,10,11,12,13,14,15,20,148,253 / 6年:5,198",learning-method,1,学び方,社会科で調べ、考え、表すときに使う方法の言葉。何をする場面で使うか、どんな手順か、学習問題との関係を説明する。
弥生時代,existing,A,142,6,"6年:6,73,74,75,86,93,251",explicit-keyword|full-text-heuristic,3,歴史,歴史の時期や政治の中心を表す言葉。前後の時代との違い、政治のしくみ、人々のくらしを説明する。
特産物,existing,A,142,"4,6","4年:11,14,189,190,194,196,197,217 / 6年:99,100,161",explicit-keyword|full-text-heuristic,5,社会,本文で重要な社会科語として扱う。何を表す言葉か、どの単元で使うか、くらしや社会との関係を説明する。
鎌倉幕府,existing,A,142,6,"6年:115,116,119,139,293,296",explicit-keyword|full-text-heuristic,5,歴史,歴史の時期や政治の中心を表す言葉。前後の時代との違い、政治のしくみ、人々のくらしを説明する。
内閣,existing,A,141,6,"6年:20,26,27,28,30,33,34,191,192,295",explicit-keyword|full-text-heuristic,6,政治,社会のきまりや政治のしくみを表す言葉。だれが、何を、何のために行うのか、くらしとの関係を説明する。
日米修好通商条約,existing,A,141,6,"6年:173,174,186,188,201,294,296",explicit-keyword|full-text-heuristic,2,歴史,歴史を理解する手がかりになる言葉。人物・文化財・制度・できごとの意味と、時代の変化との関係を説明する。
水力発電,existing,A,141,4,"4年:62,67,74,76,78,217",explicit-keyword|full-text-heuristic,4,環境,自然や資源、環境を守る取り組みに関わる言葉。問題点、工夫、これからのくらしとの関係を説明する。
縄文時代,existing,A,141,6,"6年:2,75,79,80,82,86,93",explicit-keyword|full-text-heuristic,2,歴史,歴史の時期や政治の中心を表す言葉。前後の時代との違い、政治のしくみ、人々のくらしを説明する。
データ,new-candidate,A,141,"5,6","5年:176,194,195,196,198,200,201,202,203,204,205,207,208,261 / 6年:6",explicit-keyword,1,社会,本文で重要な社会科語として扱う。何を表す言葉か、どの単元で使うか、くらしや社会との関係を説明する。
ロボット,new-candidate,A,141,5,"5年:127,128,129,130,131,132,142,152,153,167,169,207,208,261",explicit-keyword|full-text-heuristic,3,社会,本文で重要な社会科語として扱う。何を表す言葉か、どの単元で使うか、くらしや社会との関係を説明する。
交通の様子,existing,A,140,"3,4,6","3年:16,19,21,22,45,130,177 / 4年:16,24,25,161 / 6年:171",explicit-keyword,1,社会,本文で重要な社会科語として扱う。何を表す言葉か、どの単元で使うか、くらしや社会との関係を説明する。
品質,existing,A,140,"3,5","3年:59,60,65,177 / 5年:35,77,79,81,83,86,98,169",explicit-keyword,1,社会,本文で重要な社会科語として扱う。何を表す言葉か、どの単元で使うか、くらしや社会との関係を説明する。
地産地消,existing,A,140,"3,5","3年:84,93,94,177 / 5年:118,119,120,261",explicit-keyword|full-text-heuristic,9,社会,本文で重要な社会科語として扱う。何を表す言葉か、どの単元で使うか、くらしや社会との関係を説明する。
水あげ,new-candidate,A,140,5,"5年:50,90,91,92,93,94,95,98,100,103,105,122,261",explicit-keyword|full-text-heuristic,4,環境,自然や資源、環境を守る取り組みに関わる言葉。問題点、工夫、これからのくらしとの関係を説明する。
下水処理施設,existing,A,139,4,"4年:66,67,68,217",explicit-keyword|full-text-heuristic,6,環境,自然や資源、環境を守る取り組みに関わる言葉。問題点、工夫、これからのくらしとの関係を説明する。
新鮮さ,existing,A,139,"3,5","3年:55,65,66,177 / 5年:92,94,104,249",explicit-keyword|full-text-heuristic,8,社会,本文で重要な社会科語として扱う。何を表す言葉か、どの単元で使うか、くらしや社会との関係を説明する。
満州事変,existing,A,139,6,"6年:76,207,208,219,294",explicit-keyword|full-text-heuristic,4,社会,本文で重要な社会科語として扱う。何を表す言葉か、どの単元で使うか、くらしや社会との関係を説明する。
裁判所,existing,A,139,6,"6年:19,20,28,29,30,33,34,169,192,295",explicit-keyword|full-text-heuristic,4,政治,社会のきまりや政治のしくみを表す言葉。だれが、何を、何のために行うのか、くらしとの関係を説明する。
東日本大震災,new-candidate,A,139,"4,5,6","4年:78,96 / 5年:173,211,214,216,223,261 / 6年:46,51,53,56,58,66,76,233,278,284,295",explicit-keyword,1,社会,本文で重要な社会科語として扱う。何を表す言葉か、どの単元で使うか、くらしや社会との関係を説明する。
キーワード,existing,A,138,"3,4,5,6","3年:1,8,170,177 / 4年:1,8,217 / 5年:8,27,261 / 6年:8,94,202,219,286,293",learning-method,1,学び方,社会科で調べ、考え、表すときに使う方法の言葉。何をする場面で使うか、どんな手順か、学習問題との関係を説明する。
年中行事,existing,A,138,"4,6","4年:115,117,119,123,130,214,217 / 6年:159,253",explicit-keyword|full-text-heuristic,5,社会,本文で重要な社会科語として扱う。何を表す言葉か、どの単元で使うか、くらしや社会との関係を説明する。
海外生産,existing,A,138,5,"5年:165,166,171,172,261",explicit-keyword|full-text-heuristic,3,産業,ものをつくる、運ぶ、売る仕事に関わる言葉。生産者・消費者・地域・外国とのつながりを説明する。
豪族,existing,A,138,6,"6年:75,87,88,89,90,91,93,97,99,109,293",explicit-keyword,1,社会,本文で重要な社会科語として扱う。何を表す言葉か、どの単元で使うか、くらしや社会との関係を説明する。
選択・判断,existing,A,138,"3,4,5,6","3年:113,128 / 4年:50,69,98,110 / 5年:7,236,246 / 6年:7,288",full-text-heuristic|learning-method,11,学び方,社会科で調べ、考え、表すときに使う方法の言葉。何をする場面で使うか、どんな手順か、学習問題との関係を説明する。
鉄砲,existing,A,138,6,"6年:6,75,130,131,132,136,137,138,140,294,296",explicit-keyword,1,社会,本文で重要な社会科語として扱う。何を表す言葉か、どの単元で使うか、くらしや社会との関係を説明する。
大量の情報,new-candidate,A,138,5,"5年:180,191,194,195,199,200,201,202,204,207,250,261",explicit-keyword|full-text-heuristic,4,社会,本文で重要な社会科語として扱う。何を表す言葉か、どの単元で使うか、くらしや社会との関係を説明する。
尖閣諸島,new-candidate,A,138,"4,5,6","4年:10 / 5年:15,17,18,19,33,261 / 6年:232,249,251,294",explicit-keyword|full-text-heuristic,6,地理,場所や広がり、自然条件を表す言葉。地図での位置、特色、人々のくらしとの関係を説明する。
自然環境,new-candidate,A,138,"4,5,6","4年:189,190,193,194,195,197,217 / 5年:6,216,237,244 / 6年:59",explicit-keyword|full-text-heuristic,4,環境,自然や資源、環境を守る取り組みに関わる言葉。問題点、工夫、これからのくらしとの関係を説明する。
律令,existing,A,137,6,"6年:99,100,109,294",explicit-keyword|full-text-heuristic,4,社会,本文で重要な社会科語として扱う。何を表す言葉か、どの単元で使うか、くらしや社会との関係を説明する。
徴兵令,existing,A,137,6,"6年:76,179,183,189,294",explicit-keyword|full-text-heuristic,2,社会,本文で重要な社会科語として扱う。何を表す言葉か、どの単元で使うか、くらしや社会との関係を説明する。
日中戦争,existing,A,137,6,"6年:76,208,210,219,294",explicit-keyword|full-text-heuristic,2,歴史,歴史上のできごとを表す言葉。いつ、どこで、だれが関わり、社会やくらしがどう変わったかを説明する。
減災,existing,A,137,5,"5年:221,222,224,261",explicit-keyword|full-text-heuristic,4,安全・防災,安全を守るしくみや備えを表す言葉。災害・事故に対して、だれがどのように行動するかを説明する。
せり,new-candidate,A,137,"4,5,6","4年:126,130,158,170 / 5年:78,84,93,94,95,103,112,122,198,204,261 / 6年:126,190,264",explicit-keyword,1,社会,本文で重要な社会科語として扱う。何を表す言葉か、どの単元で使うか、くらしや社会との関係を説明する。
キリスト教,new-candidate,A,137,6,"6年:1,75,132,134,135,138,141,142,149,150,220,257,259,263,293",explicit-keyword|full-text-heuristic,7,社会,本文で重要な社会科語として扱う。何を表す言葉か、どの単元で使うか、くらしや社会との関係を説明する。
国風文化,existing,A,136,6,"6年:107,108,109,293",explicit-keyword|full-text-heuristic,3,歴史,歴史を理解する手がかりになる言葉。人物・文化財・制度・できごとの意味と、時代の変化との関係を説明する。
土づくり,existing,A,136,"3,5","3年:89,90,93,94,177 / 5年:107,108,109",explicit-keyword|full-text-heuristic,5,社会,本文で重要な社会科語として扱う。何を表す言葉か、どの単元で使うか、くらしや社会との関係を説明する。
地域防災計画,existing,A,136,4,"4年:87,88,97,98,105,106,109,217",explicit-keyword|full-text-heuristic,5,安全・防災,安全を守るしくみや備えを表す言葉。災害・事故に対して、だれがどのように行動するかを説明する。
水防倉庫,existing,A,136,4,"4年:103,109,110,217",explicit-keyword|full-text-heuristic,3,環境,自然や資源、環境を守る取り組みに関わる言葉。問題点、工夫、これからのくらしとの関係を説明する。
治外法権,existing,A,136,6,"6年:174,185,186,187,188",explicit-keyword,1,社会,本文で重要な社会科語として扱う。何を表す言葉か、どの単元で使うか、くらしや社会との関係を説明する。
福祉,existing,A,136,"5,6","5年:252 / 6年:42,180,262,283",explicit-keyword,1,政治,社会のきまりや政治のしくみを表す言葉。だれが、何を、何のために行うのか、くらしとの関係を説明する。
関税自主権,existing,A,136,6,"6年:174,187,188,196",explicit-keyword|full-text-heuristic,3,政治,社会のきまりや政治のしくみを表す言葉。だれが、何を、何のために行うのか、くらしとの関係を説明する。
アイヌの人たち,new-candidate,A,136,"5,6","5年:1,48,59,60,261 / 6年:22,74,151,152,178,233,293,295,296",explicit-keyword|full-text-heuristic,8,社会,本文で重要な社会科語として扱う。何を表す言葉か、どの単元で使うか、くらしや社会との関係を説明する。
作物カレンダー,existing,A,135,3,"3年:89,93,177",explicit-keyword|full-text-heuristic,4,産業,ものをつくる、運ぶ、売る仕事に関わる言葉。生産者・消費者・地域・外国とのつながりを説明する。
渡来人,existing,A,135,6,"6年:75,90,93,98,102,110,251,294",explicit-keyword|full-text-heuristic,4,社会,本文で重要な社会科語として扱う。何を表す言葉か、どの単元で使うか、くらしや社会との関係を説明する。
鎖国,existing,A,135,6,"6年:74,76,149,150,151,153,172,293",explicit-keyword|full-text-heuristic,4,社会,本文で重要な社会科語として扱う。何を表す言葉か、どの単元で使うか、くらしや社会との関係を説明する。
IC,new-candidate,A,135,"5,6","5年:150,151,154,155,160,191,195,198,199,201,202,257,261 / 6年:283,284,286,295",explicit-keyword,1,社会,本文で重要な社会科語として扱う。何を表す言葉か、どの単元で使うか、くらしや社会との関係を説明する。
人々の願い,new-candidate,A,135,"4,5,6","4年:133,151,152,217 / 5年:123 / 6年:38,47,48,52,59,60,69,190,202,222,234,237",explicit-keyword,1,社会,本文で重要な社会科語として扱う。何を表す言葉か、どの単元で使うか、くらしや社会との関係を説明する。
室町時代,new-candidate,A,135,6,"6年:75,121,122,123,124,125,126,127,128,161,167",explicit-keyword|full-text-heuristic,3,歴史,歴史の時期や政治の中心を表す言葉。前後の時代との違い、政治のしくみ、人々のくらしを説明する。
持続可能な開発目標,new-candidate,A,135,"3,5,6","3年:2 / 5年:2 / 6年:2,67,168,236,282,286,288,295",explicit-keyword|full-text-heuristic,5,社会,本文で重要な社会科語として扱う。何を表す言葉か、どの単元で使うか、くらしや社会との関係を説明する。
徳川家康,existing,A,134,6,"6年:75,76,129,132,139,141,144,145,294",explicit-keyword,1,地理,場所や広がり、自然条件を表す言葉。地図での位置、特色、人々のくらしとの関係を説明する。
明治維新,existing,A,134,6,"6年:172,183,294",explicit-keyword|full-text-heuristic,3,社会,本文で重要な社会科語として扱う。何を表す言葉か、どの単元で使うか、くらしや社会との関係を説明する。
豊臣秀吉,existing,A,134,6,"6年:6,75,129,132,137,141,294",explicit-keyword|full-text-heuristic,5,社会,本文で重要な社会科語として扱う。何を表す言葉か、どの単元で使うか、くらしや社会との関係を説明する。
北方領土,new-candidate,A,134,"5,6","5年:17,18,21,52,68,100,261 / 6年:45,232,294",explicit-keyword|full-text-heuristic,4,地理,場所や広がり、自然条件を表す言葉。地図での位置、特色、人々のくらしとの関係を説明する。
基本的人権の尊重,new-candidate,A,134,6,"6年:15,16,18,21,33,288,291,295",explicit-keyword|full-text-heuristic,8,社会,本文で重要な社会科語として扱う。何を表す言葉か、どの単元で使うか、くらしや社会との関係を説明する。
山脈,new-candidate,A,134,"5,6","5年:14,23,24,27,28,210,261 / 6年:246",explicit-keyword|full-text-heuristic,8,地理,場所や広がり、自然条件を表す言葉。地図での位置、特色、人々のくらしとの関係を説明する。
百姓,new-candidate,A,134,6,"6年:76,137,138,146,147,148,153,163,165,166,167,170,178,294",explicit-keyword|full-text-heuristic,6,社会,本文で重要な社会科語として扱う。何を表す言葉か、どの単元で使うか、くらしや社会との関係を説明する。
伝統芸能,existing,A,133,"4,6","4年:125,126,129,130,158,217 / 6年:269",explicit-keyword|full-text-heuristic,4,社会,本文で重要な社会科語として扱う。何を表す言葉か、どの単元で使うか、くらしや社会との関係を説明する。
大化の改新,existing,A,133,6,"6年:75,99,294",explicit-keyword|full-text-heuristic,2,社会,本文で重要な社会科語として扱う。何を表す言葉か、どの単元で使うか、くらしや社会との関係を説明する。
水の循環,existing,A,133,4,"4年:66,217",explicit-keyword|full-text-heuristic,4,環境,自然や資源、環境を守る取り組みに関わる言葉。問題点、工夫、これからのくらしとの関係を説明する。
難民,existing,A,133,6,"6年:220,273,275,278,280,286,295",explicit-keyword|full-text-heuristic,4,国際,日本と世界のつながりを表す言葉。国や地域の違い、協力、課題解決との関係を説明する。
竹島,new-candidate,A,133,"4,5,6","4年:10 / 5年:15,17,18,19,261 / 6年:231,271,294",explicit-keyword|full-text-heuristic,5,地理,場所や広がり、自然条件を表す言葉。地図での位置、特色、人々のくらしとの関係を説明する。
司法,existing,A,132,6,"6年:30,33,295",explicit-keyword,1,政治,社会のきまりや政治のしくみを表す言葉。だれが、何を、何のために行うのか、くらしとの関係を説明する。
品ぞろえ,existing,A,132,3,"3年:55,57,65,66,177",explicit-keyword|full-text-heuristic,7,社会,本文で重要な社会科語として扱う。何を表す言葉か、どの単元で使うか、くらしや社会との関係を説明する。
奈良時代,existing,A,132,6,"6年:75,251",explicit-keyword|full-text-heuristic,3,歴史,歴史の時期や政治の中心を表す言葉。前後の時代との違い、政治のしくみ、人々のくらしを説明する。
立法,existing,A,132,6,"6年:30,33,295",explicit-keyword,1,社会,本文で重要な社会科語として扱う。何を表す言葉か、どの単元で使うか、くらしや社会との関係を説明する。
衛生,existing,A,132,"3,4,5","3年:76,81,177 / 4年:36,38 / 5年:94",explicit-keyword|full-text-heuristic,5,社会,本文で重要な社会科語として扱う。何を表す言葉か、どの単元で使うか、くらしや社会との関係を説明する。
関係機関の協力,existing,A,132,4,"4年:87,88,97,105,106,109,110,217",explicit-keyword,1,社会,本文で重要な社会科語として扱う。何を表す言葉か、どの単元で使うか、くらしや社会との関係を説明する。
領海,existing,A,132,5,"5年:17,101,261",explicit-keyword,1,地理,場所や広がり、自然条件を表す言葉。地図での位置、特色、人々のくらしとの関係を説明する。
持続可能な社会,new-candidate,A,132,"5,6","5年:141,242,251,260,261 / 6年:1,168,236,282",explicit-keyword|full-text-heuristic,4,社会,本文で重要な社会科語として扱う。何を表す言葉か、どの単元で使うか、くらしや社会との関係を説明する。
年号,existing,A,131,"3,6","3年:136,142,156,177 / 6年:99,177",explicit-keyword|full-text-heuristic,4,社会,本文で重要な社会科語として扱う。何を表す言葉か、どの単元で使うか、くらしや社会との関係を説明する。
日米和親条約,existing,A,131,6,"6年:173,294",explicit-keyword|full-text-heuristic,2,歴史,歴史を理解する手がかりになる言葉。人物・文化財・制度・できごとの意味と、時代の変化との関係を説明する。
林業,new-candidate,A,131,"5,6","5年:174,228,229,230,231,232,233,235,261 / 6年:137",explicit-keyword,1,産業,ものをつくる、運ぶ、売る仕事に関わる言葉。生産者・消費者・地域・外国とのつながりを説明する。
刀狩,existing,A,130,6,"6年:6,75,132,137,138,141,293",explicit-keyword,1,社会,本文で重要な社会科語として扱う。何を表す言葉か、どの単元で使うか、くらしや社会との関係を説明する。
戦国時代,existing,A,130,6,"6年:74,75",explicit-keyword,1,歴史,歴史の時期や政治の中心を表す言葉。前後の時代との違い、政治のしくみ、人々のくらしを説明する。
検地,existing,A,130,6,"6年:6,75,132,137,138,141,293",explicit-keyword,1,社会,本文で重要な社会科語として扱う。何を表す言葉か、どの単元で使うか、くらしや社会との関係を説明する。
行政,existing,A,130,6,"6年:28,30,33,42,67,169,295",explicit-keyword,1,政治,社会のきまりや政治のしくみを表す言葉。だれが、何を、何のために行うのか、くらしとの関係を説明する。
年貢,new-candidate,A,130,6,"6年:111,115,137,138,147,148,149,152,153,161,170,179,294",explicit-keyword|full-text-heuristic,4,社会,本文で重要な社会科語として扱う。何を表す言葉か、どの単元で使うか、くらしや社会との関係を説明する。
条約改正,new-candidate,A,130,6,"6年:185,186,187,188,196,201,202,293",explicit-keyword|full-text-heuristic,4,歴史,歴史を理解する手がかりになる言葉。人物・文化財・制度・できごとの意味と、時代の変化との関係を説明する。
伝統行事,existing,A,129,"4,6","4年:119,123,130,217 / 6年:125",explicit-keyword|full-text-heuristic,4,社会,本文で重要な社会科語として扱う。何を表す言葉か、どの単元で使うか、くらしや社会との関係を説明する。
開国,existing,A,129,6,"6年:173,174,175,183,293",explicit-keyword|full-text-heuristic,4,社会,本文で重要な社会科語として扱う。何を表す言葉か、どの単元で使うか、くらしや社会との関係を説明する。
ライン,new-candidate,A,129,"3,4,5,6","3年:4 / 4年:4,122 / 5年:129,130,131,133,134,142,146,167,204,261 / 6年:253",explicit-keyword,1,社会,本文で重要な社会科語として扱う。何を表す言葉か、どの単元で使うか、くらしや社会との関係を説明する。
中小工場,new-candidate,A,129,5,"5年:161,162,163,164,167,171,172,261",explicit-keyword|full-text-heuristic,3,産業,ものをつくる、運ぶ、売る仕事に関わる言葉。生産者・消費者・地域・外国とのつながりを説明する。
原子爆弾,new-candidate,A,129,6,"6年:23,76,215,217,218,219,228,232,233,236,280,289,290,293",explicit-keyword,1,社会,本文で重要な社会科語として扱う。何を表す言葉か、どの単元で使うか、くらしや社会との関係を説明する。
漢字,new-candidate,A,129,"3,4,6","3年:45,52 / 4年:6,13,14 / 6年:75,90,91,107,110,204,251,254,293",explicit-keyword,1,社会,本文で重要な社会科語として扱う。何を表す言葉か、どの単元で使うか、くらしや社会との関係を説明する。
地方公共団体,existing,A,128,6,6年:56,explicit-keyword,1,社会,本文で重要な社会科語として扱う。何を表す言葉か、どの単元で使うか、くらしや社会との関係を説明する。
大和政権,existing,A,128,6,6年:91,explicit-keyword,1,社会,本文で重要な社会科語として扱う。何を表す言葉か、どの単元で使うか、くらしや社会との関係を説明する。
姉妹都市,existing,A,128,"4,6","4年:205,206,207,209,217 / 6年:269",explicit-keyword,1,社会,本文で重要な社会科語として扱う。何を表す言葉か、どの単元で使うか、くらしや社会との関係を説明する。
文明開化,existing,A,128,6,"6年:76,182,183,294",explicit-keyword|full-text-heuristic,5,社会,本文で重要な社会科語として扱う。何を表す言葉か、どの単元で使うか、くらしや社会との関係を説明する。
源頼朝,existing,A,128,6,"6年:75,114,115,119,120,294",explicit-keyword,1,社会,本文で重要な社会科語として扱う。何を表す言葉か、どの単元で使うか、くらしや社会との関係を説明する。
織田信長,existing,A,128,6,"6年:75,129,132,134,141,293",explicit-keyword,1,社会,本文で重要な社会科語として扱う。何を表す言葉か、どの単元で使うか、くらしや社会との関係を説明する。
聖徳太子,existing,A,128,6,"6年:75,97,98,99,109,293",explicit-keyword,1,社会,本文で重要な社会科語として扱う。何を表す言葉か、どの単元で使うか、くらしや社会との関係を説明する。
許可,existing,A,128,"5,6","5年:3 / 6年:3,29,132,146,152,184,220,226,264,297",learning-method,1,学び方,社会科で調べ、考え、表すときに使う方法の言葉。何をする場面で使うか、どんな手順か、学習問題との関係を説明する。
通信指令室,existing,A,128,3,"3年:103,104,111,177",explicit-keyword|full-text-heuristic,5,社会,本文で重要な社会科語として扱う。何を表す言葉か、どの単元で使うか、くらしや社会との関係を説明する。
遣唐使,existing,A,128,6,"6年:95,96,97,103,251,293",explicit-keyword,1,社会,本文で重要な社会科語として扱う。何を表す言葉か、どの単元で使うか、くらしや社会との関係を説明する。
民主主義,new-candidate,A,128,"5,6","5年:10,15,17,253 / 6年:30,76,200,201,223,226,231,294",explicit-keyword|full-text-heuristic,4,社会,本文で重要な社会科語として扱う。何を表す言葉か、どの単元で使うか、くらしや社会との関係を説明する。
三権分立,existing,A,127,6,"6年:30,33,34,295",explicit-keyword|full-text-heuristic,4,社会,本文で重要な社会科語として扱う。何を表す言葉か、どの単元で使うか、くらしや社会との関係を説明する。
栽培漁業,existing,A,127,5,,explicit-keyword,2,産業,ものをつくる、運ぶ、売る仕事に関わる言葉。生産者・消費者・地域・外国とのつながりを説明する。
防災倉庫,existing,A,127,4,"4年:93,94,97,217",explicit-keyword|full-text-heuristic,4,安全・防災,安全を守るしくみや備えを表す言葉。災害・事故に対して、だれがどのように行動するかを説明する。
マスメディア,new-candidate,A,127,5,"5年:177,183,184,186,187,188,261",explicit-keyword|full-text-heuristic,3,社会,本文で重要な社会科語として扱う。何を表す言葉か、どの単元で使うか、くらしや社会との関係を説明する。
水の管理,new-candidate,A,127,5,"5年:73,75,79,80,81,87,261",explicit-keyword|full-text-heuristic,3,環境,自然や資源、環境を守る取り組みに関わる言葉。問題点、工夫、これからのくらしとの関係を説明する。
過去に起こった水害,new-candidate,A,127,4,"4年:99,101,102,103,104,109,110",explicit-keyword|full-text-heuristic,3,安全・防災,安全を守るしくみや備えを表す言葉。災害・事故に対して、だれがどのように行動するかを説明する。
メモ,existing,A,126,"3,6","3年:2,4,71,73,74,85,166,169,170 / 6年:226",learning-method,1,学び方,社会科で調べ、考え、表すときに使う方法の言葉。何をする場面で使うか、どんな手順か、学習問題との関係を説明する。
便利さ,existing,A,126,3,"3年:55,57,65,66,177",explicit-keyword,1,社会,本文で重要な社会科語として扱う。何を表す言葉か、どの単元で使うか、くらしや社会との関係を説明する。
参勤交代,existing,A,126,6,"6年:76,145,153,170,293",explicit-keyword,1,社会,本文で重要な社会科語として扱う。何を表す言葉か、どの単元で使うか、くらしや社会との関係を説明する。
地租改正,existing,A,126,6,"6年:76,179,180,183,294",explicit-keyword,1,社会,本文で重要な社会科語として扱う。何を表す言葉か、どの単元で使うか、くらしや社会との関係を説明する。
場所や広がり,existing,A,126,"3,4,5,6","3年:6,161 / 4年:6,213 / 5年:6,121,122,249 / 6年:6,292",learning-method,1,学び方,社会科で調べ、考え、表すときに使う方法の言葉。何をする場面で使うか、どんな手順か、学習問題との関係を説明する。
守護,existing,A,126,6,"6年:75,115,121,131,293",explicit-keyword,1,社会,本文で重要な社会科語として扱う。何を表す言葉か、どの単元で使うか、くらしや社会との関係を説明する。
廃藩置県,existing,A,126,6,"6年:177,178,179,183,294",explicit-keyword,1,社会,本文で重要な社会科語として扱う。何を表す言葉か、どの単元で使うか、くらしや社会との関係を説明する。
点検・訓練,existing,A,126,3,"3年:102,111,177",explicit-keyword|full-text-heuristic,5,社会,本文で重要な社会科語として扱う。何を表す言葉か、どの単元で使うか、くらしや社会との関係を説明する。
新田開発,new-candidate,A,126,"4,6","4年:132,133,134,147,148,151,217 / 6年:161,170,293",explicit-keyword|full-text-heuristic,6,社会,本文で重要な社会科語として扱う。何を表す言葉か、どの単元で使うか、くらしや社会との関係を説明する。
東大寺,new-candidate,A,126,6,"6年:75,99,101,102,104,294,296",explicit-keyword|full-text-heuristic,2,歴史,歴史を理解する手がかりになる言葉。人物・文化財・制度・できごとの意味と、時代の変化との関係を説明する。
水墨画,new-candidate,A,126,6,"6年:75,123,124,128,167,293",explicit-keyword|full-text-heuristic,4,環境,自然や資源、環境を守る取り組みに関わる言葉。問題点、工夫、これからのくらしとの関係を説明する。
解放令,new-candidate,A,126,6,"6年:76,178,179,183,293",explicit-keyword|full-text-heuristic,6,社会,本文で重要な社会科語として扱う。何を表す言葉か、どの単元で使うか、くらしや社会との関係を説明する。
こども110番の家,existing,A,125,3,"3年:126,127,177",explicit-keyword|full-text-heuristic,4,社会,本文で重要な社会科語として扱う。何を表す言葉か、どの単元で使うか、くらしや社会との関係を説明する。
地図記号,existing,A,125,3,"3年:1,32,45,175",full-text-heuristic|learning-method,2,学び方,社会科で調べ、考え、表すときに使う方法の言葉。何をする場面で使うか、どんな手順か、学習問題との関係を説明する。
県庁所在地,existing,A,125,4,"4年:26,28,217",explicit-keyword|full-text-heuristic,4,社会,本文で重要な社会科語として扱う。何を表す言葉か、どの単元で使うか、くらしや社会との関係を説明する。
関連づける,existing,A,125,"3,4,5,6","3年:161 / 4年:6,214 / 5年:6,28,250 / 6年:6,291",full-text-heuristic|learning-method,4,学び方,社会科で調べ、考え、表すときに使う方法の言葉。何をする場面で使うか、どんな手順か、学習問題との関係を説明する。
人形浄瑠璃,new-candidate,A,125,"4,6","4年:115,124,125,126,127,128,129,130 / 6年:157,159,167,294",explicit-keyword,1,社会,本文で重要な社会科語として扱う。何を表す言葉か、どの単元で使うか、くらしや社会との関係を説明する。
国連,new-candidate,A,125,"5,6","5年:147,253 / 6年:231,261,262,277,279,280,282,285,286,295",explicit-keyword,1,国際,日本と世界のつながりを表す言葉。国や地域の違い、協力、課題解決との関係を説明する。
大陸の文化,new-candidate,A,125,6,"6年:96,97,103,104,109,294",explicit-keyword|full-text-heuristic,3,歴史,歴史を理解する手がかりになる言葉。人物・文化財・制度・できごとの意味と、時代の変化との関係を説明する。
関連工場,new-candidate,A,125,5,"5年:133,134,137,142,162,261",explicit-keyword|full-text-heuristic,3,産業,ものをつくる、運ぶ、売る仕事に関わる言葉。生産者・消費者・地域・外国とのつながりを説明する。
アンケート,existing,A,124,"5,6","5年:2,3,176,177,186 / 6年:37,41,56,62",learning-method,1,学び方,社会科で調べ、考え、表すときに使う方法の言葉。何をする場面で使うか、どんな手順か、学習問題との関係を説明する。
卑弥呼,existing,A,124,6,"6年:75,88,92,294",explicit-keyword,1,社会,本文で重要な社会科語として扱う。何を表す言葉か、どの単元で使うか、くらしや社会との関係を説明する。
友好都市,existing,A,124,4,"4年:205,206,209,217",explicit-keyword,1,社会,本文で重要な社会科語として扱う。何を表す言葉か、どの単元で使うか、くらしや社会との関係を説明する。
季節風,existing,A,124,5,"5年:26,27,28,261",explicit-keyword,1,地理,場所や広がり、自然条件を表す言葉。地図での位置、特色、人々のくらしとの関係を説明する。
梅雨,existing,A,124,5,"5年:26,27,211,261",explicit-keyword,1,地理,場所や広がり、自然条件を表す言葉。地図での位置、特色、人々のくらしとの関係を説明する。
法やきまり,existing,A,124,3,"3年:122,127,128,177",explicit-keyword,1,社会,本文で重要な社会科語として扱う。何を表す言葉か、どの単元で使うか、くらしや社会との関係を説明する。
流通,existing,A,124,5,"5年:77,78,207,261",explicit-keyword,1,産業,ものをつくる、運ぶ、売る仕事に関わる言葉。生産者・消費者・地域・外国とのつながりを説明する。
酪農,existing,A,124,5,"5年:42,43,49,261",explicit-keyword,1,社会,本文で重要な社会科語として扱う。何を表す言葉か、どの単元で使うか、くらしや社会との関係を説明する。
全国統一,new-candidate,A,124,6,"6年:1,129,132,134,135,137,138,140,141,294",explicit-keyword|full-text-heuristic,4,社会,本文で重要な社会科語として扱う。何を表す言葉か、どの単元で使うか、くらしや社会との関係を説明する。
大工場,new-candidate,A,124,5,"5年:160,161,162,163,171,261",explicit-keyword|full-text-heuristic,2,産業,ものをつくる、運ぶ、売る仕事に関わる言葉。生産者・消費者・地域・外国とのつながりを説明する。
平城京,new-candidate,A,124,6,"6年:75,96,99,100,101,103,108,251,294,296",explicit-keyword|full-text-heuristic,4,歴史,歴史を理解する手がかりになる言葉。人物・文化財・制度・できごとの意味と、時代の変化との関係を説明する。
聖武天皇,new-candidate,A,124,6,"6年:75,101,102,104,109,293",explicit-keyword|full-text-heuristic,2,歴史,歴史を理解する手がかりになる言葉。人物・文化財・制度・できごとの意味と、時代の変化との関係を説明する。
育てる漁業,new-candidate,A,124,5,"5年:97,98,101,102,103,261",explicit-keyword|full-text-heuristic,2,産業,ものをつくる、運ぶ、売る仕事に関わる言葉。生産者・消費者・地域・外国とのつながりを説明する。
自由民権運動,new-candidate,A,124,6,"6年:76,189,190,201,293",explicit-keyword|full-text-heuristic,4,社会,本文で重要な社会科語として扱う。何を表す言葉か、どの単元で使うか、くらしや社会との関係を説明する。
輸送手段,new-candidate,A,124,5,"5年:154,155,156,160,261",explicit-keyword|full-text-heuristic,4,産業,ものをつくる、運ぶ、売る仕事に関わる言葉。生産者・消費者・地域・外国とのつながりを説明する。
エネルギー,new-candidate,A,123,"4,5,6","4年:38 / 5年:1,116,145,148,169,173,174,242,261 / 6年:282",explicit-keyword,1,環境,自然や資源、環境を守る取り組みに関わる言葉。問題点、工夫、これからのくらしとの関係を説明する。
ソーシャルメディア,new-candidate,A,123,5,"5年:177,185,186,188,190,261",explicit-keyword,1,社会,本文で重要な社会科語として扱う。何を表す言葉か、どの単元で使うか、くらしや社会との関係を説明する。
ニーズ,new-candidate,A,123,5,"5年:137,138,140,141,142,169,193,196,197,204,261",explicit-keyword,1,社会,本文で重要な社会科語として扱う。何を表す言葉か、どの単元で使うか、くらしや社会との関係を説明する。
住民運動,new-candidate,A,123,5,"5年:239,240,245,246,261",explicit-keyword|full-text-heuristic,3,社会,本文で重要な社会科語として扱う。何を表す言葉か、どの単元で使うか、くらしや社会との関係を説明する。
元との戦い,new-candidate,A,123,6,"6年:117,119,293,296",explicit-keyword|full-text-heuristic,5,社会,本文で重要な社会科語として扱う。何を表す言葉か、どの単元で使うか、くらしや社会との関係を説明する。
公共事業,new-candidate,A,123,"5,6","5年:216,222,261 / 6年:5,27",explicit-keyword|full-text-heuristic,3,社会,本文で重要な社会科語として扱う。何を表す言葉か、どの単元で使うか、くらしや社会との関係を説明する。
大仏,new-candidate,A,123,6,"6年:75,101,102,104,138,294",explicit-keyword,1,社会,本文で重要な社会科語として扱う。何を表す言葉か、どの単元で使うか、くらしや社会との関係を説明する。
大和朝廷,new-candidate,A,123,6,"6年:75,91,93,110,294",explicit-keyword|full-text-heuristic,3,社会,本文で重要な社会科語として扱う。何を表す言葉か、どの単元で使うか、くらしや社会との関係を説明する。
島原・天草一揆,new-candidate,A,123,6,"6年:76,149,150,293,296",explicit-keyword|full-text-heuristic,3,地理,場所や広がり、自然条件を表す言葉。地図での位置、特色、人々のくらしとの関係を説明する。
森林の育成と活用,new-candidate,A,123,5,"5年:233,235,236,261",explicit-keyword|full-text-heuristic,5,環境,自然や資源、環境を守る取り組みに関わる言葉。問題点、工夫、これからのくらしとの関係を説明する。
水産資源,new-candidate,A,123,5,"5年:101,102,103,106,261",explicit-keyword|full-text-heuristic,3,産業,ものをつくる、運ぶ、売る仕事に関わる言葉。生産者・消費者・地域・外国とのつながりを説明する。
江戸城,new-candidate,A,123,6,"6年:140,145,176,293,296",explicit-keyword|full-text-heuristic,3,歴史,歴史を理解する手がかりになる言葉。人物・文化財・制度・できごとの意味と、時代の変化との関係を説明する。
長篠の戦い,new-candidate,A,123,6,"6年:129,131,132,294,296",explicit-keyword|full-text-heuristic,3,社会,本文で重要な社会科語として扱う。何を表す言葉か、どの単元で使うか、くらしや社会との関係を説明する。
邪馬台国,existing,A,122,6,"6年:75,88,294",explicit-keyword,1,社会,本文で重要な社会科語として扱う。何を表す言葉か、どの単元で使うか、くらしや社会との関係を説明する。
関係図,existing,A,122,"4,5,6","4年:2,109 / 5年:2,235,244,245 / 6年:2,30",learning-method,1,学び方,社会科で調べ、考え、表すときに使う方法の言葉。何をする場面で使うか、どんな手順か、学習問題との関係を説明する。
国際連盟,new-candidate,A,122,6,"6年:76,199,207,208,293",explicit-keyword|full-text-heuristic,2,国際,日本と世界のつながりを表す言葉。国や地域の違い、協力、課題解決との関係を説明する。
戦国大名,new-candidate,A,122,6,"6年:131,132,135,142,294",explicit-keyword|full-text-heuristic,2,歴史,歴史を理解する手がかりになる言葉。人物・文化財・制度・できごとの意味と、時代の変化との関係を説明する。
鎌倉時代,new-candidate,A,122,6,"6年:75,115,121,123,127",explicit-keyword|full-text-heuristic,2,歴史,歴史の時期や政治の中心を表す言葉。前後の時代との違い、政治のしくみ、人々のくらしを説明する。
世界自然遺産,new-candidate,A,121,5,"5年:48,226,247,261",explicit-keyword|full-text-heuristic,3,国際,日本と世界のつながりを表す言葉。国や地域の違い、協力、課題解決との関係を説明する。
公害防止条例,new-candidate,A,121,"5,6","5年:240,245,261",explicit-keyword|full-text-heuristic,5,環境,自然や資源、環境を守る取り組みに関わる言葉。問題点、工夫、これからのくらしとの関係を説明する。
唐招提寺,new-candidate,A,121,6,"6年:99,103,294,296",explicit-keyword|full-text-heuristic,3,歴史,歴史を理解する手がかりになる言葉。人物・文化財・制度・できごとの意味と、時代の変化との関係を説明する。
源氏,new-candidate,A,121,6,"6年:75,106,107,108,113,114,116,164,167,293",explicit-keyword,1,社会,本文で重要な社会科語として扱う。何を表す言葉か、どの単元で使うか、くらしや社会との関係を説明する。
源氏物語,new-candidate,A,121,6,"6年:75,106,107,108,164,167,293",explicit-keyword|full-text-heuristic,7,社会,本文で重要な社会科語として扱う。何を表す言葉か、どの単元で使うか、くらしや社会との関係を説明する。
百姓一揆,new-candidate,A,121,6,"6年:166,167,294",explicit-keyword|full-text-heuristic,5,社会,本文で重要な社会科語として扱う。何を表す言葉か、どの単元で使うか、くらしや社会との関係を説明する。
縄文土器,new-candidate,A,121,6,"6年:75,79,184,293",explicit-keyword|full-text-heuristic,3,歴史,歴史を理解する手がかりになる言葉。人物・文化財・制度・できごとの意味と、時代の変化との関係を説明する。
養殖業,new-candidate,A,121,5,"5年:89,90,91,96,97,98,99,102,106,261",explicit-keyword,1,社会,本文で重要な社会科語として扱う。何を表す言葉か、どの単元で使うか、くらしや社会との関係を説明する。
IC（集積回路）,existing,A,120,5,"5年:150,261",explicit-keyword,1,社会,本文で重要な社会科語として扱う。何を表す言葉か、どの単元で使うか、くらしや社会との関係を説明する。
観察,existing,A,120,"4,5","4年:6,34,35 / 5年:6,42,227,239",learning-method,1,学び方,社会科で調べ、考え、表すときに使う方法の言葉。何をする場面で使うか、どんな手順か、学習問題との関係を説明する。
十七条の憲法,new-candidate,A,120,6,"6年:97,98,109,293",explicit-keyword|full-text-heuristic,2,政治,社会のきまりや政治のしくみを表す言葉。だれが、何を、何のために行うのか、くらしとの関係を説明する。
帝国議会,new-candidate,A,120,6,"6年:76,191,192,296",explicit-keyword|full-text-heuristic,2,社会,本文で重要な社会科語として扱う。何を表す言葉か、どの単元で使うか、くらしや社会との関係を説明する。
普通選挙,new-candidate,A,120,6,"6年:76,200,237,294",explicit-keyword|full-text-heuristic,2,政治,社会のきまりや政治のしくみを表す言葉。だれが、何を、何のために行うのか、くらしとの関係を説明する。
関ヶ原の戦い,new-candidate,A,120,6,"6年:75,139,145,294",explicit-keyword|full-text-heuristic,2,社会,本文で重要な社会科語として扱う。何を表す言葉か、どの単元で使うか、くらしや社会との関係を説明する。
関東大震災,new-candidate,A,120,"3,5,6","3年:141 / 5年:214 / 6年:1,76,200,203,293,296",explicit-keyword|full-text-heuristic,4,社会,本文で重要な社会科語として扱う。何を表す言葉か、どの単元で使うか、くらしや社会との関係を説明する。
食料自給率,new-candidate,A,120,5,"5年:113,114,119,261",explicit-keyword|full-text-heuristic,2,社会,本文で重要な社会科語として扱う。何を表す言葉か、どの単元で使うか、くらしや社会との関係を説明する。
埋立処分場,existing,A,119,4,4年:39,explicit-keyword,2,社会,本文で重要な社会科語として扱う。何を表す言葉か、どの単元で使うか、くらしや社会との関係を説明する。
古墳時代,new-candidate,A,119,6,"6年:75,93,251",explicit-keyword|full-text-heuristic,3,歴史,歴史の時期や政治の中心を表す言葉。前後の時代との違い、政治のしくみ、人々のくらしを説明する。
地球規模の課題,new-candidate,A,119,6,"6年:1,285,287,288",explicit-keyword,1,社会,本文で重要な社会科語として扱う。何を表す言葉か、どの単元で使うか、くらしや社会との関係を説明する。
天然資源,new-candidate,A,119,5,"5年:153,156,261",explicit-keyword|full-text-heuristic,3,環境,自然や資源、環境を守る取り組みに関わる言葉。問題点、工夫、これからのくらしとの関係を説明する。
守護大名,new-candidate,A,119,6,"6年:121,131,293",explicit-keyword|full-text-heuristic,3,歴史,歴史を理解する手がかりになる言葉。人物・文化財・制度・できごとの意味と、時代の変化との関係を説明する。
沖縄戦,new-candidate,A,119,6,"6年:23,24,217,218,219,293,296",explicit-keyword|full-text-heuristic,5,社会,本文で重要な社会科語として扱う。何を表す言葉か、どの単元で使うか、くらしや社会との関係を説明する。
生産調整,new-candidate,A,119,5,"5年:84,87,261",explicit-keyword|full-text-heuristic,3,産業,ものをつくる、運ぶ、売る仕事に関わる言葉。生産者・消費者・地域・外国とのつながりを説明する。
自分の考え,new-candidate,A,119,"3,4,5,6","3年:8 / 4年:8,28,141,172,188,210 / 5年:8,88,104,156 / 6年:8,109,267",learning-method,1,学び方,社会科で調べ、考え、表すときに使う方法の言葉。何をする場面で使うか、どんな手順か、学習問題との関係を説明する。
まなびリンク,existing,A,118,"3,4,5,6",3年:3 / 4年:3 / 5年:3 / 6年:3,full-text-heuristic|learning-method,5,学び方,社会科で調べ、考え、表すときに使う方法の言葉。何をする場面で使うか、どんな手順か、学習問題との関係を説明する。
プレゼンテーション,existing,A,118,"4,5,6","4年:4,130 / 5年:4 / 6年:2,4,267",learning-method,1,学び方,社会科で調べ、考え、表すときに使う方法の言葉。何をする場面で使うか、どんな手順か、学習問題との関係を説明する。
総合してとらえる,existing,A,118,"3,4,5,6","3年:162 / 4年:213,214 / 5年:249,250 / 6年:292",learning-method,1,学び方,社会科で調べ、考え、表すときに使う方法の言葉。何をする場面で使うか、どんな手順か、学習問題との関係を説明する。
大正時代,new-candidate,A,118,6,"6年:76,202,237",explicit-keyword|full-text-heuristic,2,歴史,歴史の時期や政治の中心を表す言葉。前後の時代との違い、政治のしくみ、人々のくらしを説明する。
平安京,new-candidate,A,118,6,"6年:75,105,106,108,167,294,296",explicit-keyword|full-text-heuristic,4,社会,本文で重要な社会科語として扱う。何を表す言葉か、どの単元で使うか、くらしや社会との関係を説明する。
弥生土器,new-candidate,A,118,6,"6年:75,86,294",explicit-keyword|full-text-heuristic,2,歴史,歴史を理解する手がかりになる言葉。人物・文化財・制度・できごとの意味と、時代の変化との関係を説明する。
排他的経済水域,new-candidate,A,118,5,"5年:17,101,261",explicit-keyword|full-text-heuristic,2,環境,自然や資源、環境を守る取り組みに関わる言葉。問題点、工夫、これからのくらしとの関係を説明する。
昔からの技術,new-candidate,A,118,4,"4年:166,217",explicit-keyword|full-text-heuristic,4,社会,本文で重要な社会科語として扱う。何を表す言葉か、どの単元で使うか、くらしや社会との関係を説明する。
昭和時代,new-candidate,A,118,6,"6年:76,120,237",explicit-keyword|full-text-heuristic,2,歴史,歴史の時期や政治の中心を表す言葉。前後の時代との違い、政治のしくみ、人々のくらしを説明する。
歌舞伎,new-candidate,A,118,6,"6年:156,157,158,159,160,167,293",explicit-keyword|full-text-heuristic,4,社会,本文で重要な社会科語として扱う。何を表す言葉か、どの単元で使うか、くらしや社会との関係を説明する。
治安維持法,new-candidate,A,118,6,"6年:76,200,294",explicit-keyword|full-text-heuristic,2,社会,本文で重要な社会科語として扱う。何を表す言葉か、どの単元で使うか、くらしや社会との関係を説明する。
渋染一揆,new-candidate,A,118,6,"6年:166,293",explicit-keyword|full-text-heuristic,4,社会,本文で重要な社会科語として扱う。何を表す言葉か、どの単元で使うか、くらしや社会との関係を説明する。
消防設備,existing,A,117,3,,explicit-keyword,2,安全・防災,安全を守るしくみや備えを表す言葉。災害・事故に対して、だれがどのように行動するかを説明する。
令和時代,new-candidate,A,117,6,"6年:71,74,76",explicit-keyword,1,歴史,歴史の時期や政治の中心を表す言葉。前後の時代との違い、政治のしくみ、人々のくらしを説明する。
出島,new-candidate,A,117,6,"6年:150,154,294",explicit-keyword,1,地理,場所や広がり、自然条件を表す言葉。地図での位置、特色、人々のくらしとの関係を説明する。
執権,new-candidate,A,117,6,"6年:116,117,293",explicit-keyword,1,社会,本文で重要な社会科語として扱う。何を表す言葉か、どの単元で使うか、くらしや社会との関係を説明する。
天智天皇,new-candidate,A,117,6,"6年:75,99,294",explicit-keyword,1,歴史,歴史を理解する手がかりになる言葉。人物・文化財・制度・できごとの意味と、時代の変化との関係を説明する。
核兵器,new-candidate,A,117,6,"6年:23,24,231,236,280,288,289,295",explicit-keyword,1,社会,本文で重要な社会科語として扱う。何を表す言葉か、どの単元で使うか、くらしや社会との関係を説明する。
特産品,new-candidate,A,117,"4,5","4年:196 / 5年:35,46,54,204,261",explicit-keyword|full-text-heuristic,5,社会,本文で重要な社会科語として扱う。何を表す言葉か、どの単元で使うか、くらしや社会との関係を説明する。
第二次世界大戦,new-candidate,A,117,6,"6年:76,209,210,212,218,220,256,294",explicit-keyword,1,国際,日本と世界のつながりを表す言葉。国や地域の違い、協力、課題解決との関係を説明する。
米の消費量を増やす試み,new-candidate,A,117,5,"5年:86,87,261",explicit-keyword,1,産業,ものをつくる、運ぶ、売る仕事に関わる言葉。生産者・消費者・地域・外国とのつながりを説明する。
絵巻,new-candidate,A,117,6,"6年:2,74,106,107,108,113,114,131,144,155,210,215,219",learning-method,1,学び方,社会科で調べ、考え、表すときに使う方法の言葉。何をする場面で使うか、どんな手順か、学習問題との関係を説明する。
開拓,new-candidate,A,117,"5,6","5年:44,45,46,71,261 / 6年:142,178,207",explicit-keyword,1,社会,本文で重要な社会科語として扱う。何を表す言葉か、どの単元で使うか、くらしや社会との関係を説明する。
伝え合う,existing,A,116,"5,6","5年:246 / 6年:2,6,238,267",learning-method,1,学び方,社会科で調べ、考え、表すときに使う方法の言葉。何をする場面で使うか、どんな手順か、学習問題との関係を説明する。
便利さ,existing,A,116,3,,explicit-keyword,1,社会,本文で重要な社会科語として扱う。何を表す言葉か、どの単元で使うか、くらしや社会との関係を説明する。
撮影,existing,A,116,"4,6","4年:17 / 6年:3,29,74,108",learning-method,1,学び方,社会科で調べ、考え、表すときに使う方法の言葉。何をする場面で使うか、どんな手順か、学習問題との関係を説明する。
資料を見比べる,existing,A,116,-,,learning-method,1,学び方,社会科で調べ、考え、表すときに使う方法の言葉。何をする場面で使うか、どんな手順か、学習問題との関係を説明する。
資料を関連づける,existing,A,116,-,,learning-method,1,学び方,社会科で調べ、考え、表すときに使う方法の言葉。何をする場面で使うか、どんな手順か、学習問題との関係を説明する。
全国水平社,new-candidate,A,116,6,"6年:200,294",explicit-keyword|full-text-heuristic,2,環境,自然や資源、環境を守る取り組みに関わる言葉。問題点、工夫、これからのくらしとの関係を説明する。
商品作物,new-candidate,A,116,6,"6年:161,293",explicit-keyword|full-text-heuristic,2,産業,ものをつくる、運ぶ、売る仕事に関わる言葉。生産者・消費者・地域・外国とのつながりを説明する。
寺子屋,new-candidate,A,116,"3,6","3年:170 / 6年:76,165,167,172,294",explicit-keyword|full-text-heuristic,4,歴史,歴史を理解する手がかりになる言葉。人物・文化財・制度・できごとの意味と、時代の変化との関係を説明する。
工事のくふう,new-candidate,A,116,4,"4年:134,136,141,143,151,217",explicit-keyword|full-text-heuristic,4,社会,本文で重要な社会科語として扱う。何を表す言葉か、どの単元で使うか、くらしや社会との関係を説明する。
持続可能な水産業,new-candidate,A,116,5,"5年:101,261",explicit-keyword|full-text-heuristic,2,産業,ものをつくる、運ぶ、売る仕事に関わる言葉。生産者・消費者・地域・外国とのつながりを説明する。
枕草子,new-candidate,A,116,6,"6年:75,107,108,167,294",explicit-keyword|full-text-heuristic,6,社会,本文で重要な社会科語として扱う。何を表す言葉か、どの単元で使うか、くらしや社会との関係を説明する。
竪穴住居,new-candidate,A,116,6,"6年:79,294",explicit-keyword|full-text-heuristic,2,社会,本文で重要な社会科語として扱う。何を表す言葉か、どの単元で使うか、くらしや社会との関係を説明する。
蘭学,new-candidate,A,116,6,"6年:76,163,164,165,167,294",explicit-keyword|full-text-heuristic,4,社会,本文で重要な社会科語として扱う。何を表す言葉か、どの単元で使うか、くらしや社会との関係を説明する。
金閣,new-candidate,A,116,"4,6","4年:12 / 6年:75,121,122,293,296",explicit-keyword|full-text-heuristic,4,社会,本文で重要な社会科語として扱う。何を表す言葉か、どの単元で使うか、くらしや社会との関係を説明する。
国学,new-candidate,A,115,6,"6年:76,164,165,167,293",explicit-keyword|full-text-heuristic,5,社会,本文で重要な社会科語として扱う。何を表す言葉か、どの単元で使うか、くらしや社会との関係を説明する。
国際関係,new-candidate,A,115,6,"6年:193,292",explicit-keyword,1,国際,日本と世界のつながりを表す言葉。国や地域の違い、協力、課題解決との関係を説明する。
市の様子,new-candidate,A,115,"3,4,6","3年:1,6,23,24,26,27,28,30,42,43,44,142,144,145,146,149...(+3) / 4年:9,177 / 6年:57",unit-heading,1,社会,本文で重要な社会科語として扱う。何を表す言葉か、どの単元で使うか、くらしや社会との関係を説明する。
平和記念式典,new-candidate,A,115,6,"6年:23,290",explicit-keyword,1,社会,本文で重要な社会科語として扱う。何を表す言葉か、どの単元で使うか、くらしや社会との関係を説明する。
平氏,new-candidate,A,115,6,"6年:75,113,114,115,116,119,294",explicit-keyword,1,社会,本文で重要な社会科語として扱う。何を表す言葉か、どの単元で使うか、くらしや社会との関係を説明する。
武家諸法度,new-candidate,A,115,6,"6年:2,145,146,153,294",explicit-keyword|full-text-heuristic,5,社会,本文で重要な社会科語として扱う。何を表す言葉か、どの単元で使うか、くらしや社会との関係を説明する。
治水,new-candidate,A,115,5,"5年:56,261",explicit-keyword,1,環境,自然や資源、環境を守る取り組みに関わる言葉。問題点、工夫、これからのくらしとの関係を説明する。
琉球王国,new-candidate,A,115,"5,6","5年:34,247 / 6年:151,152,178,294,296",explicit-keyword,1,社会,本文で重要な社会科語として扱う。何を表す言葉か、どの単元で使うか、くらしや社会との関係を説明する。
しくみ図,existing,A,114,"3,5","3年:2,104 / 5年:2,194",learning-method,1,学び方,社会科で調べ、考え、表すときに使う方法の言葉。何をする場面で使うか、どんな手順か、学習問題との関係を説明する。
二次元コード,existing,A,114,"3,4,5,6",3年:3 / 4年:3 / 5年:3 / 6年:3,learning-method,1,学び方,社会科で調べ、考え、表すときに使う方法の言葉。何をする場面で使うか、どんな手順か、学習問題との関係を説明する。
根拠,existing,A,114,6,"6年:41,56,62,200",learning-method,1,学び方,社会科で調べ、考え、表すときに使う方法の言葉。何をする場面で使うか、どんな手順か、学習問題との関係を説明する。
見出し,existing,A,114,"3,5,6","3年:170,172 / 5年:46 / 6年:119",learning-method,1,学び方,社会科で調べ、考え、表すときに使う方法の言葉。何をする場面で使うか、どんな手順か、学習問題との関係を説明する。
録画,existing,A,114,"3,4,5,6",3年:4 / 4年:4 / 5年:132 / 6年:24,learning-method,1,学び方,社会科で調べ、考え、表すときに使う方法の言葉。何をする場面で使うか、どんな手順か、学習問題との関係を説明する。
五か条の御誓文,new-candidate,A,114,6,"6年:76,177,179,183,293",explicit-keyword|full-text-heuristic,4,社会,本文で重要な社会科語として扱う。何を表す言葉か、どの単元で使うか、くらしや社会との関係を説明する。
品種改良,new-candidate,A,114,5,"5年:79,81,87,88,261",explicit-keyword|full-text-heuristic,4,社会,本文で重要な社会科語として扱う。何を表す言葉か、どの単元で使うか、くらしや社会との関係を説明する。
平成時代,new-candidate,A,114,6,6年:76,explicit-keyword|full-text-heuristic,2,歴史,歴史の時期や政治の中心を表す言葉。前後の時代との違い、政治のしくみ、人々のくらしを説明する。
書院造,new-candidate,A,114,6,"6年:122,124,128,167,293",explicit-keyword|full-text-heuristic,4,社会,本文で重要な社会科語として扱う。何を表す言葉か、どの単元で使うか、くらしや社会との関係を説明する。
植民地,new-candidate,A,114,6,"6年:196,201,210,225,293",explicit-keyword|full-text-heuristic,4,社会,本文で重要な社会科語として扱う。何を表す言葉か、どの単元で使うか、くらしや社会との関係を説明する。
飛鳥時代,new-candidate,A,114,6,6年:75,explicit-keyword|full-text-heuristic,2,歴史,歴史の時期や政治の中心を表す言葉。前後の時代との違い、政治のしくみ、人々のくらしを説明する。
高度経済成長,new-candidate,A,114,6,"6年:1,229,234,235,293",explicit-keyword|full-text-heuristic,4,社会,本文で重要な社会科語として扱う。何を表す言葉か、どの単元で使うか、くらしや社会との関係を説明する。
ICT,new-candidate,A,113,5,"5年:191,195,199,201",explicit-keyword|full-text-heuristic,5,社会,本文で重要な社会科語として扱う。何を表す言葉か、どの単元で使うか、くらしや社会との関係を説明する。
ご恩と奉公,new-candidate,A,113,6,"6年:116,119,293",explicit-keyword|full-text-heuristic,7,社会,本文で重要な社会科語として扱う。何を表す言葉か、どの単元で使うか、くらしや社会との関係を説明する。
タブレット型コンピューター,new-candidate,A,113,"3,4,5,6","3年:1,3 / 4年:1,3 / 5年:1,3,4,185 / 6年:1,3,4",learning-method,1,学び方,社会科で調べ、考え、表すときに使う方法の言葉。何をする場面で使うか、どんな手順か、学習問題との関係を説明する。
ノルマントン号事件,new-candidate,A,113,6,"6年:185,186,187,188,201,294",explicit-keyword,1,安全・防災,安全を守るしくみや備えを表す言葉。災害・事故に対して、だれがどのように行動するかを説明する。
ペリー,new-candidate,A,113,6,"6年:76,166,173,174,294,296",explicit-keyword,1,社会,本文で重要な社会科語として扱う。何を表す言葉か、どの単元で使うか、くらしや社会との関係を説明する。
人工林,new-candidate,A,113,5,"5年:229,230,231,232,235,261",explicit-keyword,1,社会,本文で重要な社会科語として扱う。何を表す言葉か、どの単元で使うか、くらしや社会との関係を説明する。
富岡製糸場,new-candidate,A,113,"5,6","5年:248 / 6年:76,179,180,294,296",explicit-keyword,1,社会,本文で重要な社会科語として扱う。何を表す言葉か、どの単元で使うか、くらしや社会との関係を説明する。
御家人,new-candidate,A,113,6,"6年:115,116,117,118,119,293",explicit-keyword,1,社会,本文で重要な社会科語として扱う。何を表す言葉か、どの単元で使うか、くらしや社会との関係を説明する。
気づき,new-candidate,A,113,"3,4,5,6","3年:24,47,114 / 4年:52,73,158 / 5年:38,52,62,105 / 6年:269",learning-method,1,学び方,社会科で調べ、考え、表すときに使う方法の言葉。何をする場面で使うか、どんな手順か、学習問題との関係を説明する。
集積回路,new-candidate,A,113,"5,6","5年:149,150,151,191,261 / 6年:245",explicit-keyword,1,社会,本文で重要な社会科語として扱う。何を表す言葉か、どの単元で使うか、くらしや社会との関係を説明する。
縮尺,existing,A,112,4,"4年:2,163,164",learning-method,1,学び方,社会科で調べ、考え、表すときに使う方法の言葉。何をする場面で使うか、どんな手順か、学習問題との関係を説明する。
集計,existing,A,112,5,"5年:2,3,177",learning-method,1,学び方,社会科で調べ、考え、表すときに使う方法の言葉。何をする場面で使うか、どんな手順か、学習問題との関係を説明する。
ごみの分別,new-candidate,A,112,4,"4年:31,32,49,217",explicit-keyword|full-text-heuristic,4,環境,自然や資源、環境を守る取り組みに関わる言葉。問題点、工夫、これからのくらしとの関係を説明する。
ユニバーサルデザイン,new-candidate,A,112,5,"5年:139,141,142,261",explicit-keyword|full-text-heuristic,4,社会,本文で重要な社会科語として扱う。何を表す言葉か、どの単元で使うか、くらしや社会との関係を説明する。
社会保障,new-candidate,A,112,6,"6年:27,44,47,295",explicit-keyword|full-text-heuristic,4,社会,本文で重要な社会科語として扱う。何を表す言葉か、どの単元で使うか、くらしや社会との関係を説明する。
苦労や努力,new-candidate,A,112,4,"4年:146,151,214,217",explicit-keyword|full-text-heuristic,4,社会,本文で重要な社会科語として扱う。何を表す言葉か、どの単元で使うか、くらしや社会との関係を説明する。
AI,new-candidate,A,111,"5,6","5年:198,202,208,261 / 6年:297",explicit-keyword,1,社会,本文で重要な社会科語として扱う。何を表す言葉か、どの単元で使うか、くらしや社会との関係を説明する。
エコタウン,new-candidate,A,111,5,"5年:241,242,245,259,261",explicit-keyword,1,社会,本文で重要な社会科語として扱う。何を表す言葉か、どの単元で使うか、くらしや社会との関係を説明する。
五街道,new-candidate,A,111,6,"6年:155,161,162,167,293",explicit-keyword,1,社会,本文で重要な社会科語として扱う。何を表す言葉か、どの単元で使うか、くらしや社会との関係を説明する。
伊藤博文,new-candidate,A,111,6,"6年:76,177,191,201,293",explicit-keyword,1,社会,本文で重要な社会科語として扱う。何を表す言葉か、どの単元で使うか、くらしや社会との関係を説明する。
安土桃山時代,new-candidate,A,111,6,,explicit-keyword,1,歴史,歴史の時期や政治の中心を表す言葉。前後の時代との違い、政治のしくみ、人々のくらしを説明する。
松尾芭蕉,new-candidate,A,111,6,"6年:76,120,157,158,294",explicit-keyword,1,社会,本文で重要な社会科語として扱う。何を表す言葉か、どの単元で使うか、くらしや社会との関係を説明する。
浮世絵,new-candidate,A,111,6,"6年:157,158,159,167,293",explicit-keyword,1,社会,本文で重要な社会科語として扱う。何を表す言葉か、どの単元で使うか、くらしや社会との関係を説明する。
清少納言,new-candidate,A,111,6,"6年:75,107,108,167,293",explicit-keyword,1,社会,本文で重要な社会科語として扱う。何を表す言葉か、どの単元で使うか、くらしや社会との関係を説明する。
狂言,new-candidate,A,111,6,"6年:75,125,126,128,293",explicit-keyword,1,社会,本文で重要な社会科語として扱う。何を表す言葉か、どの単元で使うか、くらしや社会との関係を説明する。
番のしくみ,new-candidate,A,111,3,"3年:104,111,177",explicit-keyword|full-text-heuristic,5,社会,本文で重要な社会科語として扱う。何を表す言葉か、どの単元で使うか、くらしや社会との関係を説明する。
藤原道長,new-candidate,A,111,6,"6年:75,105,106,109,294",explicit-keyword,1,社会,本文で重要な社会科語として扱う。何を表す言葉か、どの単元で使うか、くらしや社会との関係を説明する。
銀閣,new-candidate,A,111,6,"6年:75,121,122,293,296",explicit-keyword,1,社会,本文で重要な社会科語として扱う。何を表す言葉か、どの単元で使うか、くらしや社会との関係を説明する。
鑑真,new-candidate,A,111,6,"6年:75,103,109,251,293",explicit-keyword,1,社会,本文で重要な社会科語として扱う。何を表す言葉か、どの単元で使うか、くらしや社会との関係を説明する。
ききとり調査,existing,A,110,6,"6年:2,226",learning-method,1,学び方,社会科で調べ、考え、表すときに使う方法の言葉。何をする場面で使うか、どんな手順か、学習問題との関係を説明する。
意見文,existing,A,110,6,"6年:2,238",learning-method,1,学び方,社会科で調べ、考え、表すときに使う方法の言葉。何をする場面で使うか、どんな手順か、学習問題との関係を説明する。
五人組,new-candidate,A,110,6,"6年:147,153,293",explicit-keyword|full-text-heuristic,4,社会,本文で重要な社会科語として扱う。何を表す言葉か、どの単元で使うか、くらしや社会との関係を説明する。
伝統的工芸品,new-candidate,A,110,4,"4年:166,171,217",explicit-keyword|full-text-heuristic,4,社会,本文で重要な社会科語として扱う。何を表す言葉か、どの単元で使うか、くらしや社会との関係を説明する。
番の通報,new-candidate,A,110,3,"3年:120,127,177",explicit-keyword|full-text-heuristic,4,社会,本文で重要な社会科語として扱う。何を表す言葉か、どの単元で使うか、くらしや社会との関係を説明する。
バイオマス,new-candidate,A,109,5,"5年:174,232,259,261",explicit-keyword,1,社会,本文で重要な社会科語として扱う。何を表す言葉か、どの単元で使うか、くらしや社会との関係を説明する。
中大兄皇子,new-candidate,A,109,6,"6年:75,99,109,294",explicit-keyword,1,社会,本文で重要な社会科語として扱う。何を表す言葉か、どの単元で使うか、くらしや社会との関係を説明する。
中臣鎌足,new-candidate,A,109,6,"6年:75,105,109,294",explicit-keyword,1,社会,本文で重要な社会科語として扱う。何を表す言葉か、どの単元で使うか、くらしや社会との関係を説明する。
冠位十二階,new-candidate,A,109,6,"6年:97,98,109,293",explicit-keyword,1,社会,本文で重要な社会科語として扱う。何を表す言葉か、どの単元で使うか、くらしや社会との関係を説明する。
前方後円墳,new-candidate,A,109,6,"6年:6,89,91,294",explicit-keyword,1,社会,本文で重要な社会科語として扱う。何を表す言葉か、どの単元で使うか、くらしや社会との関係を説明する。
北里柴三郎,new-candidate,A,109,6,"6年:76,198,201,293",explicit-keyword,1,社会,本文で重要な社会科語として扱う。何を表す言葉か、どの単元で使うか、くらしや社会との関係を説明する。
原爆ドーム,new-candidate,A,109,"5,6","5年:247 / 6年:76,218,296",explicit-keyword,1,社会,本文で重要な社会科語として扱う。何を表す言葉か、どの単元で使うか、くらしや社会との関係を説明する。
大隈重信,new-candidate,A,109,6,"6年:76,190,201,293",explicit-keyword,1,社会,本文で重要な社会科語として扱う。何を表す言葉か、どの単元で使うか、くらしや社会との関係を説明する。
家のつくり,new-candidate,A,109,5,"5年:37,46,52,261",explicit-keyword,1,社会,本文で重要な社会科語として扱う。何を表す言葉か、どの単元で使うか、くらしや社会との関係を説明する。
富国強兵,new-candidate,A,109,6,"6年:179,180,183,294",explicit-keyword,1,社会,本文で重要な社会科語として扱う。何を表す言葉か、どの単元で使うか、くらしや社会との関係を説明する。
小村寿太郎,new-candidate,A,109,6,"6年:76,196,201,293",explicit-keyword,1,社会,本文で重要な社会科語として扱う。何を表す言葉か、どの単元で使うか、くらしや社会との関係を説明する。
平清盛,new-candidate,A,109,6,"6年:75,113,114,294",explicit-keyword,1,社会,本文で重要な社会科語として扱う。何を表す言葉か、どの単元で使うか、くらしや社会との関係を説明する。
志賀潔,new-candidate,A,109,6,"6年:76,198,201,293",explicit-keyword,1,社会,本文で重要な社会科語として扱う。何を表す言葉か、どの単元で使うか、くらしや社会との関係を説明する。
情報の流出,new-candidate,A,109,5,"5年:200,201,202,261",explicit-keyword,1,社会,本文で重要な社会科語として扱う。何を表す言葉か、どの単元で使うか、くらしや社会との関係を説明する。
新型コロナウイルス感染症,new-candidate,A,109,"5,6","5年:261 / 6年:10,11,64",explicit-keyword,1,社会,本文で重要な社会科語として扱う。何を表す言葉か、どの単元で使うか、くらしや社会との関係を説明する。
朝鮮通信使,new-candidate,A,109,6,"6年:76,151,231,294",explicit-keyword,1,社会,本文で重要な社会科語として扱う。何を表す言葉か、どの単元で使うか、くらしや社会との関係を説明する。
板垣退助,new-candidate,A,109,6,"6年:76,189,201,293",explicit-keyword,1,社会,本文で重要な社会科語として扱う。何を表す言葉か、どの単元で使うか、くらしや社会との関係を説明する。
源義経,new-candidate,A,109,6,"6年:75,113,114,294",explicit-keyword,1,社会,本文で重要な社会科語として扱う。何を表す言葉か、どの単元で使うか、くらしや社会との関係を説明する。
焼き物に使う材料,new-candidate,A,109,4,"4年:167,168,171,217",explicit-keyword,1,社会,本文で重要な社会科語として扱う。何を表す言葉か、どの単元で使うか、くらしや社会との関係を説明する。
版籍奉還,new-candidate,A,109,6,"6年:177,179,183,294",explicit-keyword,1,社会,本文で重要な社会科語として扱う。何を表す言葉か、どの単元で使うか、くらしや社会との関係を説明する。
紫式部,new-candidate,A,109,6,"6年:75,107,167,294",explicit-keyword,1,社会,本文で重要な社会科語として扱う。何を表す言葉か、どの単元で使うか、くらしや社会との関係を説明する。
藩校,new-candidate,A,109,6,"6年:76,165,167,294",explicit-keyword,1,社会,本文で重要な社会科語として扱う。何を表す言葉か、どの単元で使うか、くらしや社会との関係を説明する。
足利義政,new-candidate,A,109,6,"6年:75,121,125,293",explicit-keyword,1,社会,本文で重要な社会科語として扱う。何を表す言葉か、どの単元で使うか、くらしや社会との関係を説明する。
足利義満,new-candidate,A,109,6,"6年:75,121,167,293",explicit-keyword,1,社会,本文で重要な社会科語として扱う。何を表す言葉か、どの単元で使うか、くらしや社会との関係を説明する。
過去に起こった地震,new-candidate,A,109,4,"4年:83,84,97,217",explicit-keyword,1,安全・防災,安全を守るしくみや備えを表す言葉。災害・事故に対して、だれがどのように行動するかを説明する。
野口英世,new-candidate,A,109,6,"6年:76,198,201,294",explicit-keyword,1,社会,本文で重要な社会科語として扱う。何を表す言葉か、どの単元で使うか、くらしや社会との関係を説明する。
防災セット,new-candidate,A,109,4,"4年:85,86,97,217",explicit-keyword,1,安全・防災,安全を守るしくみや備えを表す言葉。災害・事故に対して、だれがどのように行動するかを説明する。
陸奥宗光,new-candidate,A,109,6,"6年:76,187,201,294",explicit-keyword,1,社会,本文で重要な社会科語として扱う。何を表す言葉か、どの単元で使うか、くらしや社会との関係を説明する。
雪舟,new-candidate,A,109,6,"6年:75,123,124,294",explicit-keyword,1,社会,本文で重要な社会科語として扱う。何を表す言葉か、どの単元で使うか、くらしや社会との関係を説明する。
かじょう書き,existing,A,108,5,5年:245,learning-method,1,学び方,社会科で調べ、考え、表すときに使う方法の言葉。何をする場面で使うか、どんな手順か、学習問題との関係を説明する。
四大公害病,new-candidate,A,108,"5,6","5年:239,261 / 6年:236",explicit-keyword,2,環境,自然や資源、環境を守る取り組みに関わる言葉。問題点、工夫、これからのくらしとの関係を説明する。
解体新書,new-candidate,A,108,6,"6年:163,293",explicit-keyword|full-text-heuristic,4,社会,本文で重要な社会科語として扱う。何を表す言葉か、どの単元で使うか、くらしや社会との関係を説明する。
かな文字,new-candidate,A,107,6,"6年:107,110,293",explicit-keyword,1,社会,本文で重要な社会科語として扱う。何を表す言葉か、どの単元で使うか、くらしや社会との関係を説明する。
さくいん,new-candidate,A,107,"3,5,6","3年:2,167,172 / 5年:1,261 / 6年:1,293,296",learning-method,1,学び方,社会科で調べ、考え、表すときに使う方法の言葉。何をする場面で使うか、どんな手順か、学習問題との関係を説明する。
ザビエル,new-candidate,A,107,6,"6年:75,135,293",explicit-keyword,1,社会,本文で重要な社会科語として扱う。何を表す言葉か、どの単元で使うか、くらしや社会との関係を説明する。
ジャスト・イン・タイム方式,new-candidate,A,107,5,"5年:134,142,261",explicit-keyword,1,社会,本文で重要な社会科語として扱う。何を表す言葉か、どの単元で使うか、くらしや社会との関係を説明する。
人工知能,new-candidate,A,107,5,"5年:198,208,261",explicit-keyword,1,社会,本文で重要な社会科語として扱う。何を表す言葉か、どの単元で使うか、くらしや社会との関係を説明する。
伊能忠敬,new-candidate,A,107,6,"6年:76,164,293",explicit-keyword,1,社会,本文で重要な社会科語として扱う。何を表す言葉か、どの単元で使うか、くらしや社会との関係を説明する。
儒学,new-candidate,A,107,6,"6年:165,167,293",explicit-keyword,1,社会,本文で重要な社会科語として扱う。何を表す言葉か、どの単元で使うか、くらしや社会との関係を説明する。
八幡製鉄所,new-candidate,A,107,6,"6年:197,294,296",explicit-keyword,1,社会,本文で重要な社会科語として扱う。何を表す言葉か、どの単元で使うか、くらしや社会との関係を説明する。
内容のチェック,new-candidate,A,107,5,"5年:182,187,261",explicit-keyword,1,社会,本文で重要な社会科語として扱う。何を表す言葉か、どの単元で使うか、くらしや社会との関係を説明する。
北条政子,new-candidate,A,107,6,"6年:75,116,294",explicit-keyword,1,社会,本文で重要な社会科語として扱う。何を表す言葉か、どの単元で使うか、くらしや社会との関係を説明する。
北条時宗,new-candidate,A,107,6,"6年:75,117,294",explicit-keyword,1,社会,本文で重要な社会科語として扱う。何を表す言葉か、どの単元で使うか、くらしや社会との関係を説明する。
地域をこえた人々の協力,new-candidate,A,107,4,"4年:64,67,217",explicit-keyword,1,社会,本文で重要な社会科語として扱う。何を表す言葉か、どの単元で使うか、くらしや社会との関係を説明する。
大和絵,new-candidate,A,107,6,"6年:107,167,294",explicit-keyword,1,社会,本文で重要な社会科語として扱う。何を表す言葉か、どの単元で使うか、くらしや社会との関係を説明する。
小野妹子,new-candidate,A,107,6,"6年:75,97,293",explicit-keyword,1,社会,本文で重要な社会科語として扱う。何を表す言葉か、どの単元で使うか、くらしや社会との関係を説明する。
平塚らいてう,new-candidate,A,107,6,"6年:76,200,294",explicit-keyword,1,社会,本文で重要な社会科語として扱う。何を表す言葉か、どの単元で使うか、くらしや社会との関係を説明する。
本居宣長,new-candidate,A,107,6,"6年:76,164,294",explicit-keyword,1,社会,本文で重要な社会科語として扱う。何を表す言葉か、どの単元で使うか、くらしや社会との関係を説明する。
杉田玄白,new-candidate,A,107,6,"6年:76,163,293",explicit-keyword,1,社会,本文で重要な社会科語として扱う。何を表す言葉か、どの単元で使うか、くらしや社会との関係を説明する。
東京オリンピック・パラリンピック,new-candidate,A,107,6,"6年:76,227,234",explicit-keyword,1,社会,本文で重要な社会科語として扱う。何を表す言葉か、どの単元で使うか、くらしや社会との関係を説明する。
楽市・楽座,new-candidate,A,107,6,"6年:134,141,294",explicit-keyword,1,社会,本文で重要な社会科語として扱う。何を表す言葉か、どの単元で使うか、くらしや社会との関係を説明する。
歌川広重,new-candidate,A,107,6,"6年:76,158,293",explicit-keyword,1,地理,場所や広がり、自然条件を表す言葉。地図での位置、特色、人々のくらしとの関係を説明する。
正倉院,new-candidate,A,107,6,"6年:104,293,296",explicit-keyword,1,社会,本文で重要な社会科語として扱う。何を表す言葉か、どの単元で使うか、くらしや社会との関係を説明する。
殖産興業,new-candidate,A,107,6,"6年:179,183,293",explicit-keyword,1,社会,本文で重要な社会科語として扱う。何を表す言葉か、どの単元で使うか、くらしや社会との関係を説明する。
海里,new-candidate,A,107,5,"5年:17,101,261",explicit-keyword,1,地理,場所や広がり、自然条件を表す言葉。地図での位置、特色、人々のくらしとの関係を説明する。
生け花,new-candidate,A,107,6,"6年:124,128,293",explicit-keyword,1,社会,本文で重要な社会科語として扱う。何を表す言葉か、どの単元で使うか、くらしや社会との関係を説明する。
耕地整理,new-candidate,A,107,5,"5年:82,87,261",explicit-keyword,1,社会,本文で重要な社会科語として扱う。何を表す言葉か、どの単元で使うか、くらしや社会との関係を説明する。
茶の湯,new-candidate,A,107,6,"6年:124,128,294",explicit-keyword,1,社会,本文で重要な社会科語として扱う。何を表す言葉か、どの単元で使うか、くらしや社会との関係を説明する。
葛飾北斎,new-candidate,A,107,6,"6年:157,158,293",explicit-keyword,1,社会,本文で重要な社会科語として扱う。何を表す言葉か、どの単元で使うか、くらしや社会との関係を説明する。
藤原鎌足,new-candidate,A,107,6,"6年:75,99,294",explicit-keyword,1,社会,本文で重要な社会科語として扱う。何を表す言葉か、どの単元で使うか、くらしや社会との関係を説明する。
近松門左衛門,new-candidate,A,107,6,"6年:76,157,294",explicit-keyword,1,社会,本文で重要な社会科語として扱う。何を表す言葉か、どの単元で使うか、くらしや社会との関係を説明する。
遣隋使,new-candidate,A,107,6,"6年:97,109,293",explicit-keyword,1,社会,本文で重要な社会科語として扱う。何を表す言葉か、どの単元で使うか、くらしや社会との関係を説明する。
開発と保存,new-candidate,A,107,4,"4年:181,187,217",explicit-keyword,1,社会,本文で重要な社会科語として扱う。何を表す言葉か、どの単元で使うか、くらしや社会との関係を説明する。
人々の工夫や関わり,existing,A,106,-,,learning-method,1,学び方,社会科で調べ、考え、表すときに使う方法の言葉。何をする場面で使うか、どんな手順か、学習問題との関係を説明する。
時間や変化,existing,A,106,-,,learning-method,1,学び方,社会科で調べ、考え、表すときに使う方法の言葉。何をする場面で使うか、どんな手順か、学習問題との関係を説明する。
聞き取り,existing,A,106,-,,learning-method,1,学び方,社会科で調べ、考え、表すときに使う方法の言葉。何をする場面で使うか、どんな手順か、学習問題との関係を説明する。
はにわ,new-candidate,A,105,6,"6年:89,294",explicit-keyword,1,社会,本文で重要な社会科語として扱う。何を表す言葉か、どの単元で使うか、くらしや社会との関係を説明する。
まちの様子,new-candidate,A,105,"3,4,6","3年:1,11,16,21,22,46,129,143 / 4年:73,82 / 6年:2,52,155,172,222,227,228",unit-heading,1,社会,本文で重要な社会科語として扱う。何を表す言葉か、どの単元で使うか、くらしや社会との関係を説明する。
レアメタル,new-candidate,A,105,5,"5年:170,261",explicit-keyword,1,社会,本文で重要な社会科語として扱う。何を表す言葉か、どの単元で使うか、くらしや社会との関係を説明する。
与謝野晶子,new-candidate,A,105,6,"6年:195,294",explicit-keyword,1,社会,本文で重要な社会科語として扱う。何を表す言葉か、どの単元で使うか、くらしや社会との関係を説明する。
共通点,new-candidate,A,105,"4,5","4年:2,6,129 / 5年:46,217,221,249",learning-method,1,学び方,社会科で調べ、考え、表すときに使う方法の言葉。何をする場面で使うか、どんな手順か、学習問題との関係を説明する。
前野良沢,new-candidate,A,105,6,"6年:163,294",explicit-keyword,1,社会,本文で重要な社会科語として扱う。何を表す言葉か、どの単元で使うか、くらしや社会との関係を説明する。
厩戸王,new-candidate,A,105,6,"6年:97,293",explicit-keyword,1,社会,本文で重要な社会科語として扱う。何を表す言葉か、どの単元で使うか、くらしや社会との関係を説明する。
大王,new-candidate,A,105,6,"6年:91,293",explicit-keyword,1,社会,本文で重要な社会科語として扱う。何を表す言葉か、どの単元で使うか、くらしや社会との関係を説明する。
天草四郎,new-candidate,A,105,6,"6年:150,293",explicit-keyword,1,社会,本文で重要な社会科語として扱う。何を表す言葉か、どの単元で使うか、くらしや社会との関係を説明する。
寝殿造,new-candidate,A,105,6,"6年:105,293",explicit-keyword,1,社会,本文で重要な社会科語として扱う。何を表す言葉か、どの単元で使うか、くらしや社会との関係を説明する。
新渡戸稲造,new-candidate,A,105,6,"6年:199,294",explicit-keyword,1,社会,本文で重要な社会科語として扱う。何を表す言葉か、どの単元で使うか、くらしや社会との関係を説明する。
日本町,new-candidate,A,105,6,"6年:149,294",explicit-keyword,1,社会,本文で重要な社会科語として扱う。何を表す言葉か、どの単元で使うか、くらしや社会との関係を説明する。
東京大空襲,new-candidate,A,105,6,"6年:206,296",explicit-keyword,1,社会,本文で重要な社会科語として扱う。何を表す言葉か、どの単元で使うか、くらしや社会との関係を説明する。
東海道五十三次,new-candidate,A,105,6,"6年:157,294",explicit-keyword,1,地理,場所や広がり、自然条件を表す言葉。地図での位置、特色、人々のくらしとの関係を説明する。
渋沢栄一,new-candidate,A,105,6,"6年:180,293",explicit-keyword,1,社会,本文で重要な社会科語として扱う。何を表す言葉か、どの単元で使うか、くらしや社会との関係を説明する。
田中正造,new-candidate,A,105,6,"6年:197,294",explicit-keyword,1,社会,本文で重要な社会科語として扱う。何を表す言葉か、どの単元で使うか、くらしや社会との関係を説明する。
画像資料,new-candidate,A,105,6,"6年:2,74",learning-method,1,学び方,社会科で調べ、考え、表すときに使う方法の言葉。何をする場面で使うか、どんな手順か、学習問題との関係を説明する。
福沢諭吉,new-candidate,A,105,6,"6年:182,294",explicit-keyword,1,社会,本文で重要な社会科語として扱う。何を表す言葉か、どの単元で使うか、くらしや社会との関係を説明する。
自動運転車,new-candidate,A,105,5,"5年:140,261",explicit-keyword,1,社会,本文で重要な社会科語として扱う。何を表す言葉か、どの単元で使うか、くらしや社会との関係を説明する。
足尾銅山鉱毒事件,new-candidate,A,104,6,6年:296,explicit-keyword,2,地理,場所や広がり、自然条件を表す言葉。地図での位置、特色、人々のくらしとの関係を説明する。
円グラフ,new-candidate,A,103,5,5年:6,learning-method,1,学び方,社会科で調べ、考え、表すときに使う方法の言葉。何をする場面で使うか、どんな手順か、学習問題との関係を説明する。
写真資料,new-candidate,A,103,6,6年:297,learning-method,1,学び方,社会科で調べ、考え、表すときに使う方法の言葉。何をする場面で使うか、どんな手順か、学習問題との関係を説明する。
博多湾の防塁,new-candidate,A,103,6,6年:296,explicit-keyword,1,社会,本文で重要な社会科語として扱う。何を表す言葉か、どの単元で使うか、くらしや社会との関係を説明する。
帯グラフ,new-candidate,A,103,5,5年:6,learning-method,1,学び方,社会科で調べ、考え、表すときに使う方法の言葉。何をする場面で使うか、どんな手順か、学習問題との関係を説明する。
折れ線グラフ,new-candidate,A,103,5,5年:25,learning-method,1,学び方,社会科で調べ、考え、表すときに使う方法の言葉。何をする場面で使うか、どんな手順か、学習問題との関係を説明する。
朝鮮(韓国)併合,new-candidate,A,103,6,6年:294,explicit-keyword,1,社会,本文で重要な社会科語として扱う。何を表す言葉か、どの単元で使うか、くらしや社会との関係を説明する。
等高線,new-candidate,A,103,"4,5","4年:2,17,18,139 / 5年:2,39",learning-method,1,学び方,社会科で調べ、考え、表すときに使う方法の言葉。何をする場面で使うか、どんな手順か、学習問題との関係を説明する。
資料から読み取る,new-candidate,A,103,6,6年:17,learning-method,1,学び方,社会科で調べ、考え、表すときに使う方法の言葉。何をする場面で使うか、どんな手順か、学習問題との関係を説明する。
順位づけ,new-candidate,A,103,"4,5,6","4年:2,124 / 5年:2,171,172 / 6年:183",learning-method,1,学び方,社会科で調べ、考え、表すときに使う方法の言葉。何をする場面で使うか、どんな手順か、学習問題との関係を説明する。
プレゼンテーションソフト,new-candidate,A,101,"4,5,6","4年:4 / 5年:4 / 6年:2,4,267",learning-method,1,学び方,社会科で調べ、考え、表すときに使う方法の言葉。何をする場面で使うか、どんな手順か、学習問題との関係を説明する。
分類,new-candidate,A,101,"5,6","5年:32,46,71,104 / 6年:74",learning-method,1,学び方,社会科で調べ、考え、表すときに使う方法の言葉。何をする場面で使うか、どんな手順か、学習問題との関係を説明する。
大政奉還,new-candidate,A,101,6,,explicit-keyword,1,社会,本文で重要な社会科語として扱う。何を表す言葉か、どの単元で使うか、くらしや社会との関係を説明する。
棒グラフ,new-candidate,A,101,-,,learning-method,1,学び方,社会科で調べ、考え、表すときに使う方法の言葉。何をする場面で使うか、どんな手順か、学習問題との関係を説明する。
社会科の見方・考え方,new-candidate,A,101,-,,learning-method,1,学び方,社会科で調べ、考え、表すときに使う方法の言葉。何をする場面で使うか、どんな手順か、学習問題との関係を説明する。
ランキング,new-candidate,A,99,"4,5","4年:2,124 / 5年:2,171",learning-method,1,学び方,社会科で調べ、考え、表すときに使う方法の言葉。何をする場面で使うか、どんな手順か、学習問題との関係を説明する。
米づくりのさかんな地域,new-candidate,A,99,5,"5年:1,68,70,71,76,87,88,252",full-text-heuristic|unit-heading,3,産業,ものをつくる、運ぶ、売る仕事に関わる言葉。生産者・消費者・地域・外国とのつながりを説明する。
風刺画,new-candidate,A,99,6,"6年:2,74,185,193",learning-method,1,学び方,社会科で調べ、考え、表すときに使う方法の言葉。何をする場面で使うか、どんな手順か、学習問題との関係を説明する。
ガイドマップ,new-candidate,A,97,4,"4年:2,208,211",learning-method,1,学び方,社会科で調べ、考え、表すときに使う方法の言葉。何をする場面で使うか、どんな手順か、学習問題との関係を説明する。
リーフレット,new-candidate,A,97,"5,6","5年:2,46 / 6年:219",learning-method,1,学び方,社会科で調べ、考え、表すときに使う方法の言葉。何をする場面で使うか、どんな手順か、学習問題との関係を説明する。
屏風絵,new-candidate,A,97,6,"6年:2,74,130",learning-method,1,学び方,社会科で調べ、考え、表すときに使う方法の言葉。何をする場面で使うか、どんな手順か、学習問題との関係を説明する。
歴史年表,new-candidate,A,97,6,"6年:1,2,74",learning-method,1,学び方,社会科で調べ、考え、表すときに使う方法の言葉。何をする場面で使うか、どんな手順か、学習問題との関係を説明する。
市のうつりかわり,existing,A,96,3,"3年:1,143,145,146,157",unit-heading,1,社会,本文で重要な社会科語として扱う。何を表す言葉か、どの単元で使うか、くらしや社会との関係を説明する。
デジタル紙しばい,new-candidate,A,95,4,"4年:2,130",learning-method,1,学び方,社会科で調べ、考え、表すときに使う方法の言葉。何をする場面で使うか、どんな手順か、学習問題との関係を説明する。
三つの面から考える,new-candidate,A,95,5,"5年:2,202",learning-method,1,学び方,社会科で調べ、考え、表すときに使う方法の言葉。何をする場面で使うか、どんな手順か、学習問題との関係を説明する。
両面から考える,new-candidate,A,95,5,"5年:2,115",learning-method,1,学び方,社会科で調べ、考え、表すときに使う方法の言葉。何をする場面で使うか、どんな手順か、学習問題との関係を説明する。
二つの立場から考える,new-candidate,A,95,5,"5年:2,119",learning-method,1,学び方,社会科で調べ、考え、表すときに使う方法の言葉。何をする場面で使うか、どんな手順か、学習問題との関係を説明する。
八方位,new-candidate,A,95,3,"3年:2,26",learning-method,1,学び方,社会科で調べ、考え、表すときに使う方法の言葉。何をする場面で使うか、どんな手順か、学習問題との関係を説明する。
分布,new-candidate,A,95,6,"6年:91,252",learning-method,1,学び方,社会科で調べ、考え、表すときに使う方法の言葉。何をする場面で使うか、どんな手順か、学習問題との関係を説明する。
四方位,new-candidate,A,95,3,"3年:2,14",learning-method,1,学び方,社会科で調べ、考え、表すときに使う方法の言葉。何をする場面で使うか、どんな手順か、学習問題との関係を説明する。
安全マップ,new-candidate,A,95,3,"3年:2,128",learning-method,1,学び方,社会科で調べ、考え、表すときに使う方法の言葉。何をする場面で使うか、どんな手順か、学習問題との関係を説明する。
水はどこから,new-candidate,A,95,4,"4年:1,51,55,73,79",full-text-heuristic|unit-heading,5,環境,自然や資源、環境を守る取り組みに関わる言葉。問題点、工夫、これからのくらしとの関係を説明する。
比較,new-candidate,A,93,6,6年:59,learning-method,1,学び方,社会科で調べ、考え、表すときに使う方法の言葉。何をする場面で使うか、どんな手順か、学習問題との関係を説明する。
水産業のさかんな地域,new-candidate,A,93,5,"5年:1,89,107,109,111,112",unit-heading,1,産業,ものをつくる、運ぶ、売る仕事に関わる言葉。生産者・消費者・地域・外国とのつながりを説明する。
農家の仕事,new-candidate,A,93,3,"3年:1,83,85,87,89,90,93,94,110,149,161",unit-heading,1,社会,本文で重要な社会科語として扱う。何を表す言葉か、どの単元で使うか、くらしや社会との関係を説明する。
戦争と人々の暮らし,new-candidate,A,92,6,"6年:1,211,218,219,297",full-text-heuristic|unit-heading,2,歴史,歴史上のできごとを表す言葉。いつ、どこで、だれが関わり、社会やくらしがどう変わったかを説明する。
オンラインインタビュー,new-candidate,A,91,-,,learning-method,1,学び方,社会科で調べ、考え、表すときに使う方法の言葉。何をする場面で使うか、どんな手順か、学習問題との関係を説明する。
凡例,new-candidate,A,91,-,,learning-method,1,学び方,社会科で調べ、考え、表すときに使う方法の言葉。何をする場面で使うか、どんな手順か、学習問題との関係を説明する。
情報の確かさ,new-candidate,A,91,-,,learning-method,1,学び方,社会科で調べ、考え、表すときに使う方法の言葉。何をする場面で使うか、どんな手順か、学習問題との関係を説明する。
相違点,new-candidate,A,91,-,,learning-method,1,学び方,社会科で調べ、考え、表すときに使う方法の言葉。何をする場面で使うか、どんな手順か、学習問題との関係を説明する。
くらしと産業を変える情報通信技術,new-candidate,A,89,5,"5年:191,203,205,207",unit-heading,1,産業,ものをつくる、運ぶ、売る仕事に関わる言葉。生産者・消費者・地域・外国とのつながりを説明する。
自動車の生産にはげむ人々,new-candidate,A,89,5,"5年:1,125,144,146",unit-heading,1,産業,ものをつくる、運ぶ、売る仕事に関わる言葉。生産者・消費者・地域・外国とのつながりを説明する。
自然災害にそなえるまちづくり,new-candidate,A,89,4,"4年:1,81,216",full-text-heuristic|unit-heading,3,安全・防災,安全を守るしくみや備えを表す言葉。災害・事故に対して、だれがどのように行動するかを説明する。
わたしたちの暮らしを支える政治,new-candidate,A,87,6,"6年:1,51,59",unit-heading,1,政治,社会のきまりや政治のしくみを表す言葉。だれが、何を、何のために行うのか、くらしとの関係を説明する。
昔から今へと続くまちづくり,new-candidate,A,87,4,"4年:1,131,153,155,157,159,214,216",unit-heading,1,社会,本文で重要な社会科語として扱う。何を表す言葉か、どの単元で使うか、くらしや社会との関係を説明する。
県の地図を広げて,new-candidate,A,87,4,"4年:1,15,213",unit-heading,1,学び方,社会科で調べ、考え、表すときに使う方法の言葉。何をする場面で使うか、どんな手順か、学習問題との関係を説明する。
平和で豊かな暮らしを目ざして,new-candidate,A,85,6,"6年:1,297",unit-heading,1,社会,本文で重要な社会科語として扱う。何を表す言葉か、どの単元で使うか、くらしや社会との関係を説明する。
自然災害とともに生きる,new-candidate,A,85,"5,6",5年:1 / 6年:5,unit-heading,1,安全・防災,安全を守るしくみや備えを表す言葉。災害・事故に対して、だれがどのように行動するかを説明する。
国土の気候と地形,new-candidate,A,84,5,5年:1,full-text-heuristic|unit-heading,2,地理,場所や広がり、自然条件を表す言葉。地図での位置、特色、人々のくらしとの関係を説明する。
日本の工業生産の今と未来,new-candidate,A,84,5,5年:1,full-text-heuristic|unit-heading,2,産業,ものをつくる、運ぶ、売る仕事に関わる言葉。生産者・消費者・地域・外国とのつながりを説明する。
森林とともに生きる,new-candidate,A,84,5,5年:1,full-text-heuristic|unit-heading,2,環境,自然や資源、環境を守る取り組みに関わる言葉。問題点、工夫、これからのくらしとの関係を説明する。
自然条件と人々のくらし,new-candidate,A,84,5,5年:1,full-text-heuristic|unit-heading,2,社会,本文で重要な社会科語として扱う。何を表す言葉か、どの単元で使うか、くらしや社会との関係を説明する。
これからの食料生産,new-candidate,A,83,5,5年:1,unit-heading,1,産業,ものをつくる、運ぶ、売る仕事に関わる言葉。生産者・消費者・地域・外国とのつながりを説明する。
国際交流がさかんなまちづくり,new-candidate,A,83,4,4年:1,unit-heading,1,国際,日本と世界のつながりを表す言葉。国や地域の違い、協力、課題解決との関係を説明する。
地球規模の課題の解決と国際協力,new-candidate,A,83,6,6年:1,unit-heading,1,国際,日本と世界のつながりを表す言葉。国や地域の違い、協力、課題解決との関係を説明する。
幕府の政治と人々の暮らし,new-candidate,A,83,6,6年:1,unit-heading,1,政治,社会のきまりや政治のしくみを表す言葉。だれが、何を、何のために行うのか、くらしとの関係を説明する。
憲法とわたしたちの暮らし,new-candidate,A,83,6,6年:1,unit-heading,1,政治,社会のきまりや政治のしくみを表す言葉。だれが、何を、何のために行うのか、くらしとの関係を説明する。
日本の工業生産と貿易・運輸,new-candidate,A,83,5,5年:1,unit-heading,1,産業,ものをつくる、運ぶ、売る仕事に関わる言葉。生産者・消費者・地域・外国とのつながりを説明する。
武士の政治が始まる,new-candidate,A,83,6,6年:1,unit-heading,1,政治,社会のきまりや政治のしくみを表す言葉。だれが、何を、何のために行うのか、くらしとの関係を説明する。
明治の新しい国づくり,new-candidate,A,81,6,"6年:1,174,182,183,297",unit-heading,1,社会,本文で重要な社会科語として扱う。何を表す言葉か、どの単元で使うか、くらしや社会との関係を説明する。
工場ではたらく人と仕事,new-candidate,A,80,3,"3年:1,69,83",full-text-heuristic|unit-heading,4,産業,ものをつくる、運ぶ、売る仕事に関わる言葉。生産者・消費者・地域・外国とのつながりを説明する。
時間,new-candidate,B,749,"3,4,5,6","3年:4,6,11,13,15,17,19,23,25,27,29,31,33,35,37,39...(+58) / 4年:4,6,14,17,19,21,23,25,31,35,37,38,39,41,45,47...(+68) / 5年:11,13,15,17,21,23,25,29,33,35,36,37,39,42,44,47...(+88) / 6年:5,13,15,17,19,21,23,25,27,29,31,35,37,39,41,43...(+93)",full-text-heuristic,7,社会,本文で重要な社会科語として扱う。何を表す言葉か、どの単元で使うか、くらしや社会との関係を説明する。
この時間の問い,existing,B,677,"3,4,5,6","3年:11,13,15,17,19,23,25,27,29,31,33,35,37,39,41,49...(+43) / 4年:17,19,21,23,25,31,35,37,39,41,45,47,51,55,57,59...(+49) / 5年:11,13,15,17,21,23,25,29,33,35,37,39,42,44,47,49...(+62) / 6年:13,15,17,19,21,23,25,27,29,31,35,37,39,41,43,45...(+77)",full-text-heuristic,72,社会,本文で重要な社会科語として扱う。何を表す言葉か、どの単元で使うか、くらしや社会との関係を説明する。
取り組み,new-candidate,B,362,"3,4,5,6","3年:64,66,100,107,108,109,111,114,118,124,125,127,163 / 4年:6,40,43,45,46,47,48,49,50,59,63,64,65,66,67,69...(+63) / 5年:7,44,45,47,51,56,60,84,85,86,87,101,102,110,114,117...(+34) / 6年:11,31,38,39,40,41,42,43,44,45,46,48,49,53,54,55...(+21)",full-text-heuristic,4,社会,本文で重要な社会科語として扱う。何を表す言葉か、どの単元で使うか、くらしや社会との関係を説明する。
工場,existing,B,313,"3,4,5,6","3年:1,2,16,19,20,21,22,28,29,30,35,36,44,48,69,70...(+17) / 4年:5,9,16,17,19,20,24,28,35,36,37,38,39,40,41,42...(+11) / 5年:6,13,35,42,43,93,94,95,100,103,117,119,123,125,126,127...(+51) / 6年:5,179,180,194,197,198,211,213,214,216,219,256,262",full-text-heuristic,8,産業,ものをつくる、運ぶ、売る仕事に関わる言葉。生産者・消費者・地域・外国とのつながりを説明する。
生産,existing,B,294,"3,4,5,6","3年:83 / 4年:21,160,190,193,194,197 / 5年:1,2,35,36,40,41,44,45,49,50,54,61,62,63,64,67...(+91) / 6年:5,55,100,127,131,138,145,161,168,197,209,211,229,235,236,238...(+3)",full-text-heuristic,3,産業,ものをつくる、運ぶ、売る仕事に関わる言葉。生産者・消費者・地域・外国とのつながりを説明する。
文化,new-candidate,B,261,"3,4,5,6","3年:6 / 4年:1,6,116,124,125,126,129,130,155,157,158,175,176,178,180,181...(+11) / 5年:6,33,34,48,59,60,111,121,247,248,259 / 6年:1,2,6,21,22,26,27,32,43,44,66,72,73,74,75,76...(+69)",full-text-heuristic,3,歴史,歴史を理解する手がかりになる言葉。人物・文化財・制度・できごとの意味と、時代の変化との関係を説明する。
中国,new-candidate,B,245,"3,4,5,6","3年:62,151 / 4年:10,13,165,171,172,179,181,185,202,203,204,205,209,210 / 5年:11,12,13,14,15,17,18,19,34,59,126,134,140,141,143,145...(+4) / 6年:1,23,75,76,85,86,88,90,92,95,96,97,98,99,103,104...(+56)",full-text-heuristic,29,社会,本文で重要な社会科語として扱う。何を表す言葉か、どの単元で使うか、くらしや社会との関係を説明する。
年),new-candidate,B,239,"3,4,5,6","3年:46,136,137,138,143,144,152,156,160 / 4年:154,180,204 / 5年:33,38,42,43,48,54,55,56,58,80,87,105,145,166,183,197...(+4) / 6年:15,22,54,61,63,64,70,97,101,102,103,106,114,118,121,123...(+45)",full-text-heuristic,53,社会,本文で重要な社会科語として扱う。何を表す言葉か、どの単元で使うか、くらしや社会との関係を説明する。
自然,new-candidate,B,238,"3,4,5,6","3年:38,149,158,171 / 4年:1,10,77,81,82,85,90,150,151,152,184,189,190,192,193,194...(+11) / 5年:1,2,5,6,21,29,31,34,39,41,42,43,44,45,46,48...(+46) / 6年:5,6,32,37,39,49,58,59,66,123,124,126,152,157,204,246...(+4)",full-text-heuristic,2,社会,本文で重要な社会科語として扱う。何を表す言葉か、どの単元で使うか、くらしや社会との関係を説明する。
時代,new-candidate,B,232,"3,4,5,6","3年:136,142,162 / 4年:66,157,174,214 / 5年:124,125,143,169,185,198 / 6年:1,2,6,20,35,59,66,71,73,74,75,76,77,78,79,80...(+76)",full-text-heuristic,12,歴史,歴史の時期や政治の中心を表す言葉。前後の時代との違い、政治のしくみ、人々のくらしを説明する。
東京,new-candidate,B,231,"3,4,5,6","3年:17,25,30,34,36,40,46,68,72,79,80,86,98,147,148,150...(+3) / 4年:10,11,31,36,39,40,56,66,80,117,121,132,153,154,158,175...(+3) / 5年:16,22,25,27,36,40,41,46,51,53,69,78,95,96,102,108...(+17) / 6年:10,11,25,28,31,65,66,76,139,156,177,178,181,184,187,192...(+24)",full-text-heuristic,9,社会,本文で重要な社会科語として扱う。何を表す言葉か、どの単元で使うか、くらしや社会との関係を説明する。
京都,new-candidate,B,199,"3,4,5,6","3年:17,25,34,40,46,68,79,80,86,177 / 4年:10,11,12,31,36,39,40,56,66,80,121,132,175,180,202,217 / 5年:16,22,25,27,36,40,41,46,53,69,78,95,96,108,122,154...(+15) / 6年:25,28,31,65,66,75,76,105,106,114,120,121,122,124,125,131...(+25)",full-text-heuristic,3,社会,本文で重要な社会科語として扱う。何を表す言葉か、どの単元で使うか、くらしや社会との関係を説明する。
自動車,existing,B,195,"3,4,5,6","3年:49,50,57,66,72,95,98,100,101,102,104,111,116,159,160,164...(+1) / 4年:23,24,25,27,80,113,181,191 / 5年:1,13,111,116,124,125,126,127,128,129,130,131,132,133,134,135...(+31) / 6年:5,13,14,60,203,245,261",full-text-heuristic,12,社会,本文で重要な社会科語として扱う。何を表す言葉か、どの単元で使うか、くらしや社会との関係を説明する。
全国,new-candidate,B,183,"3,4,5,6","3年:70,160 / 4年:116,121,154,169 / 5年:35,36,49,61,63,65,66,68,77,79,81,82,86,89,90,91...(+19) / 6年:1,20,37,54,63,75,76,78,100,101,115,124,129,131,132,134...(+33)",full-text-heuristic,3,社会,本文で重要な社会科語として扱う。何を表す言葉か、どの単元で使うか、くらしや社会との関係を説明する。
市役所,existing,B,168,"3,4,5,6","3年:18,27,28,29,30,31,32,33,35,37,39,41,43,44,86,150...(+8) / 4年:17,25,66,69,86,87,88,89,91,92,95,97,98,100,101,102...(+20) / 5年:206,241,245 / 6年:38,40,41,42,43,48,52,53,56,62,63",full-text-heuristic,5,社会,本文で重要な社会科語として扱う。何を表す言葉か、どの単元で使うか、くらしや社会との関係を説明する。
北海道,new-candidate,B,164,"3,4,5,6","3年:177 / 4年:1,10,11,12,77,81,111,112,121,159,160,217 / 5年:15,16,17,22,24,25,26,27,28,30,31,37,47,48,49,50...(+30) / 6年:59,64,74,100,152,162,164,173,176,178,228,232,296",full-text-heuristic,20,地理,場所や広がり、自然条件を表す言葉。地図での位置、特色、人々のくらしとの関係を説明する。
戦争,existing,B,163,"3,4,5,6","3年:141,152,155 / 4年:117,126 / 5年:18,38,44,45 / 6年:1,10,15,16,17,18,23,24,76,78,187,188,189,193,194,195...(+43)",full-text-heuristic,2,歴史,歴史上のできごとを表す言葉。いつ、どこで、だれが関わり、社会やくらしがどう変わったかを説明する。
アメリカ,new-candidate,B,161,"3,4,5,6","3年:87 / 4年:117,204,206 / 5年:12,17,38,113,115,126,143,145,147,149,150,151,152,166,170,212...(+3) / 6年:23,76,142,166,173,174,177,184,186,188,194,198,201,204,205,208...(+34)",full-text-heuristic,15,社会,本文で重要な社会科語として扱う。何を表す言葉か、どの単元で使うか、くらしや社会との関係を説明する。
工業,existing,B,157,"4,5,6","4年:16,22,23,24,26,27,28,189,213 / 5年:1,6,93,122,123,124,125,126,145,146,147,151,152,153,154,155...(+26) / 6年:76,125,127,134,135,147,190,197,214,229,231,245,252,261",full-text-heuristic,2,産業,ものをつくる、運ぶ、売る仕事に関わる言葉。生産者・消費者・地域・外国とのつながりを説明する。
江戸,new-candidate,B,152,"3,4,6","3年:86 / 4年:132,133,136,142,148,152 / 6年:1,2,6,66,74,76,78,92,96,112,120,122,132,139,140,141...(+45)",full-text-heuristic,16,社会,本文で重要な社会科語として扱う。何を表す言葉か、どの単元で使うか、くらしや社会との関係を説明する。
農業,existing,B,141,"3,4,5,6","3年:84,94 / 4年:16,21,22,24,27,28,149,161,189,194 / 5年:6,30,32,35,36,39,40,41,42,45,46,49,53,64,68,72...(+17) / 6年:86,127,137,161,184,207,245,274,276,283,284",full-text-heuristic,4,産業,ものをつくる、運ぶ、売る仕事に関わる言葉。生産者・消費者・地域・外国とのつながりを説明する。
東京都,new-candidate,B,141,"3,4,5,6","3年:17,25,34,40,46,68,79,80,86,177 / 4年:10,11,31,36,39,40,56,66,80,121,132,175,217 / 5年:16,22,25,27,36,40,41,46,53,69,96,154,159,161,162,226...(+6) / 6年:25,28,31,65,66,76,139,184,192,195,203,206,216,224,227,229...(+3)",full-text-heuristic,13,社会,本文で重要な社会科語として扱う。何を表す言葉か、どの単元で使うか、くらしや社会との関係を説明する。
伝える,new-candidate,B,134,"3,4,5,6","3年:120 / 4年:1,4,84,88,97,98,99,106,108,109,110,120,122,127,130,132...(+16) / 5年:1,4,5,142,176,177,178,179,180,182,183,184,186,187,188,189...(+4) / 6年:4,66,119,167,202,216,217,226,236,245,284,296",full-text-heuristic,4,社会,本文で重要な社会科語として扱う。何を表す言葉か、どの単元で使うか、くらしや社会との関係を説明する。
表す,new-candidate,B,128,"3,4,5,6","3年:2,13,26,30,42,45,52,58,63,64,66,92,96,112,116,141...(+3) / 4年:2,21,43,67,75,78,109,148,172,179,187,198,205,206,211 / 5年:2,10,13,14,25,46,67,113,116,142,144,171,241,245 / 6年:2,63,76,106,107,125,179,180,192,204,238,244,267,280",full-text-heuristic,4,社会,本文で重要な社会科語として扱う。何を表す言葉か、どの単元で使うか、くらしや社会との関係を説明する。
幕府,existing,B,124,6,"6年:1,2,75,76,115,116,117,118,119,121,122,128,130,131,132,134...(+32)",full-text-heuristic,3,歴史,歴史の時期や政治の中心を表す言葉。前後の時代との違い、政治のしくみ、人々のくらしを説明する。
横浜,new-candidate,B,123,"3,4,5,6","3年:17,23,24,25,26,27,28,29,30,32,33,34,36,39,40,41...(+24) / 4年:56,66,202 / 5年:78,95,136,145,154,155,160,258,260 / 6年:51,76,173,181,184,200,215,242",full-text-heuristic,3,社会,本文で重要な社会科語として扱う。何を表す言葉か、どの単元で使うか、くらしや社会との関係を説明する。
国民,new-candidate,B,122,"5,6","5年:64,85 / 6年:14,15,16,17,18,19,20,21,22,23,25,26,27,29,30,31...(+40)",full-text-heuristic,6,社会,本文で重要な社会科語として扱う。何を表す言葉か、どの単元で使うか、くらしや社会との関係を説明する。
福岡,new-candidate,B,122,"4,5,6","4年:9,10,11,15,17,19,20,21,23,24,25,26,81,161,162,163...(+15) / 5年:78,95,108,127,133,136,143,157,159,189,206,210,237,247,248,255...(+2) / 6年:85,92,110,118,165,178,271,275,296",full-text-heuristic,6,社会,本文で重要な社会科語として扱う。何を表す言葉か、どの単元で使うか、くらしや社会との関係を説明する。
九州,new-candidate,B,120,"4,5,6","4年:10,11,15,17,19,20,23,24,25,26,27,28,161,162,177,179...(+3) / 5年:15,17,23,112,133,136,143,159,160,189,190,212,237,238,239,240...(+8) / 6年:85,88,92,99,100,101,110,117,135,136,142,197,228,275,283",full-text-heuristic,4,社会,本文で重要な社会科語として扱う。何を表す言葉か、どの単元で使うか、くらしや社会との関係を説明する。
大阪,new-candidate,B,120,"4,5,6","4年:10,11,12,159,204 / 5年:23,66,78,95,108,121,122,136,154,155,159,160,161,162,167,168...(+5) / 6年:75,76,89,91,102,105,131,132,134,137,139,145,146,147,155,156...(+15)",full-text-heuristic,6,社会,本文で重要な社会科語として扱う。何を表す言葉か、どの単元で使うか、くらしや社会との関係を説明する。
課題,new-candidate,B,120,"3,4,5,6","3年:7 / 4年:7,70,214 / 5年:7,18,83,84,85,99,100,138,140,141,171,172,186,189,197,231...(+2) / 6年:1,7,35,38,44,45,46,47,50,56,59,60,65,74,169,186...(+16)",full-text-heuristic,2,社会,本文で重要な社会科語として扱う。何を表す言葉か、どの単元で使うか、くらしや社会との関係を説明する。
米づく,new-candidate,B,119,"4,5,6","4年:133,134,159 / 5年:1,50,54,56,64,67,68,69,70,71,72,73,74,75,76,78...(+20) / 6年:2,6,73,75,81,82,83,84,85,86,87,93,94,251,293",full-text-heuristic,1,産業,ものをつくる、運ぶ、売る仕事に関わる言葉。生産者・消費者・地域・外国とのつながりを説明する。
地震,existing,B,118,"4,5,6","4年:1,6,80,81,82,83,84,85,86,87,88,89,90,91,92,93...(+9) / 5年:6,106,146,183,189,211,212,213,214,217,218,219,221,222 / 6年:32,38,46,51,52,53,54,58,78,200,284",full-text-heuristic,3,安全・防災,安全を守るしくみや備えを表す言葉。災害・事故に対して、だれがどのように行動するかを説明する。
森林,existing,B,115,"4,5,6","4年:17,19,20,28,62,63,64,67,68,69,217 / 5年:1,2,6,37,38,42,43,57,69,105,106,174,210,223,224,225...(+13) / 6年:204,255",full-text-heuristic,6,環境,自然や資源、環境を守る取り組みに関わる言葉。問題点、工夫、これからのくらしとの関係を説明する。
平和,new-candidate,B,108,"5,6","5年:18,19,38 / 6年:1,6,12,15,16,17,18,22,23,24,33,68,76,199,218,221...(+29)",full-text-heuristic,2,社会,本文で重要な社会科語として扱う。何を表す言葉か、どの単元で使うか、くらしや社会との関係を説明する。
憲法,new-candidate,B,108,6,"6年:1,6,7,12,13,14,15,16,17,18,19,20,21,22,23,24...(+32)",full-text-heuristic,2,政治,社会のきまりや政治のしくみを表す言葉。だれが、何を、何のために行うのか、くらしとの関係を説明する。
沖縄,new-candidate,B,100,"4,5,6","4年:1,10,12,157,158,217 / 5年:6,16,18,19,29,30,31,32,33,34,35,36,37,38,40,43...(+8) / 6年:23,24,75,76,120,151,152,178,217,218,219,225,226,228,232,251...(+2)",full-text-heuristic,4,社会,本文で重要な社会科語として扱う。何を表す言葉か、どの単元で使うか、くらしや社会との関係を説明する。
輸入,existing,B,98,"5,6","5年:99,108,112,113,114,115,116,118,119,120,144,145,146,147,148,149...(+13) / 6年:150,174,187,231,241,245,246,249,261,262",full-text-heuristic,5,社会,本文で重要な社会科語として扱う。何を表す言葉か、どの単元で使うか、くらしや社会との関係を説明する。
神奈川,new-candidate,B,98,"3,4,5,6","3年:25,26,32,42,72,79,80,98,166,177 / 4年:10,51,55,56,60,62,64,66,80,121,153,154,173,217 / 5年:145,159,160,255,256,257,258,260 / 6年:37,45,65,115,173,178,215,242,258,270,296",full-text-heuristic,2,地理,場所や広がり、自然条件を表す言葉。地図での位置、特色、人々のくらしとの関係を説明する。
消防,new-candidate,B,97,"3,4,5,6","3年:2,17,18,31,40,45,47,95,97,98,99,100,101,102,103,104...(+14) / 4年:87,88,97,100,101,103,105,106,110,112,114 / 5年:146,218 / 6年:32,51,54,284",full-text-heuristic,3,安全・防災,安全を守るしくみや備えを表す言葉。災害・事故に対して、だれがどのように行動するかを説明する。
福岡県,new-candidate,B,96,"4,5,6","4年:9,10,11,15,17,19,21,23,25,26,81,161,162,163,177,178...(+6) / 5年:127,133,136,143,157,159,189,206,210,237,247,248,255,257,259 / 6年:92,110,271,275,296",full-text-heuristic,12,社会,本文で重要な社会科語として扱う。何を表す言葉か、どの単元で使うか、くらしや社会との関係を説明する。
(2021年,new-candidate,B,94,"3,4,5,6","3年:159 / 4年:21,23,78 / 5年:38,42,43,48,49,60,62,63,64,68,81,90,95,97,107,113...(+17) / 6年:10,53,241,245,249,282,284,290",full-text-heuristic,4,社会,本文で重要な社会科語として扱う。何を表す言葉か、どの単元で使うか、くらしや社会との関係を説明する。
朝鮮,new-candidate,B,94,"4,5,6","4年:165,171,172,179 / 5年:10,15,17,34,253 / 6年:75,76,85,86,90,96,97,102,104,110,117,132,138,140,149,151...(+18)",full-text-heuristic,8,社会,本文で重要な社会科語として扱う。何を表す言葉か、どの単元で使うか、くらしや社会との関係を説明する。
太平洋,new-candidate,B,93,"4,5,6","4年:207 / 5年:6,10,12,17,18,19,25,26,27,28,33,44,45,47,53,90...(+12) / 6年:53,76,151,203,209,210,212,219,220,240,243,246,281,294",full-text-heuristic,7,社会,本文で重要な社会科語として扱う。何を表す言葉か、どの単元で使うか、くらしや社会との関係を説明する。
水道,existing,B,91,"3,4,5,6","3年:103,104,111,141 / 4年:2,38,52,54,55,56,59,60,61,62,64,67,68,69,70,85...(+2) / 5年:52,212,240 / 6年:51,52,54,199,227,262,283",full-text-heuristic,2,環境,自然や資源、環境を守る取り組みに関わる言葉。問題点、工夫、これからのくらしとの関係を説明する。
R6a,new-candidate,B,91,5,"5年:35,36,39,41,49,62,63,81,86,90,95,97,107,112,143,150...(+13)",full-text-heuristic,33,社会,本文で重要な社会科語として扱う。何を表す言葉か、どの単元で使うか、くらしや社会との関係を説明する。
毎年,new-candidate,B,90,"4,5,6","4年:86,87,88,97,98,116,117,122,123,124,133,148,164,180,192,207 / 5年:52,59,105,109,122,186,189,212,227,241,243 / 6年:23,24,59,64,125,146,236,255,269,282,290",full-text-heuristic,14,社会,本文で重要な社会科語として扱う。何を表す言葉か、どの単元で使うか、くらしや社会との関係を説明する。
天皇,existing,B,89,6,"6年:20,26,27,54,75,76,91,92,97,98,99,101,102,104,105,106...(+14)",full-text-heuristic,4,歴史,歴史を理解する手がかりになる言葉。人物・文化財・制度・できごとの意味と、時代の変化との関係を説明する。
気温,existing,B,88,"4,5,6","4年:167,191,193,197,198 / 5年:2,21,22,23,24,25,27,28,29,30,31,33,35,36,39,40...(+11) / 6年:59,256,261",full-text-heuristic,3,社会,本文で重要な社会科語として扱う。何を表す言葉か、どの単元で使うか、くらしや社会との関係を説明する。
輸出,existing,B,84,"5,6","5年:50,116,117,119,120,144,147,148,149,150,151,152,153,155,156,157...(+3) / 6年:76,150,180,197,199,209,210,219,231,241,245,256,262",full-text-heuristic,5,社会,本文で重要な社会科語として扱う。何を表す言葉か、どの単元で使うか、くらしや社会との関係を説明する。
生産量,new-candidate,B,83,"4,5,6","4年:21,160,190,193,194 / 5年:2,35,49,50,54,62,64,67,68,69,79,82,83,84,87,90...(+13) / 6年:145",full-text-heuristic,3,産業,ものをつくる、運ぶ、売る仕事に関わる言葉。生産者・消費者・地域・外国とのつながりを説明する。
奈良,new-candidate,B,82,"4,5,6","4年:10,12 / 5年:23,167,223,233,247,255,257,259 / 6年:74,75,82,88,91,96,97,99,100,103,104,105,112,122,132,144...(+10)",full-text-heuristic,10,社会,本文で重要な社会科語として扱う。何を表す言葉か、どの単元で使うか、くらしや社会との関係を説明する。
神奈川県,new-candidate,B,82,"3,4,5,6","3年:25,26,32,79,80,166,177 / 4年:10,51,55,56,60,62,64,66,80,121,153,154,173,217 / 5年:145,159,160,255,256,258,260 / 6年:37,65,115,173,215,242,258,270,296",full-text-heuristic,8,地理,場所や広がり、自然条件を表す言葉。地図での位置、特色、人々のくらしとの関係を説明する。
消費者,existing,B,81,"5,6","5年:77,78,86,88,90,96,103,104,107,108,109,111,112,115,118,119...(+8) / 6年:46",full-text-heuristic,6,社会,本文で重要な社会科語として扱う。何を表す言葉か、どの単元で使うか、くらしや社会との関係を説明する。
自然条件,existing,B,80,5,"5年:1,29,31,39,41,42,43,44,45,46,50,53,54,56,57,59...(+10)",full-text-heuristic,3,社会,本文で重要な社会科語として扱う。何を表す言葉か、どの単元で使うか、くらしや社会との関係を説明する。
地域で受けつがれてきたもの,new-candidate,B,79,4,"4年:1,115,214,216",unit-heading,1,社会,本文で重要な社会科語として扱う。何を表す言葉か、どの単元で使うか、くらしや社会との関係を説明する。
沖縄県,new-candidate,B,79,"4,5,6","4年:10,12,157,158,217 / 5年:16,18,19,29,30,31,32,33,34,35,36,37,38,40,43,45...(+7) / 6年:23,24,75,76,178,232,251",full-text-heuristic,9,社会,本文で重要な社会科語として扱う。何を表す言葉か、どの単元で使うか、くらしや社会との関係を説明する。
火事からまちを守る,new-candidate,B,79,3,"3年:1,100,111,112",unit-heading,1,社会,本文で重要な社会科語として扱う。何を表す言葉か、どの単元で使うか、くらしや社会との関係を説明する。
電気,new-candidate,B,79,"3,4,5,6","3年:104,136,137,140,159,164 / 4年:1,29,30,73,74,75,76,77,78,85,167 / 5年:117,124,139,141,148,151,163,170,173,174,212,257,258 / 6年:51,52,54,199,216,229,230",full-text-heuristic,5,社会,本文で重要な社会科語として扱う。何を表す言葉か、どの単元で使うか、くらしや社会との関係を説明する。
ごみはどこへ,new-candidate,B,77,4,"4年:1,29,31",unit-heading,1,環境,自然や資源、環境を守る取り組みに関わる言葉。問題点、工夫、これからのくらしとの関係を説明する。
情報を伝える人々とわたしたち,new-candidate,B,77,5,"5年:1,177,189",unit-heading,1,社会,本文で重要な社会科語として扱う。何を表す言葉か、どの単元で使うか、くらしや社会との関係を説明する。
横浜市,new-candidate,B,77,"3,4,5,6","3年:17,24,25,26,27,29,34,36,39,40,43,44,70,72,79,80...(+12) / 4年:56,66,202 / 5年:145,160,258,260 / 6年:51,215",full-text-heuristic,3,社会,本文で重要な社会科語として扱う。何を表す言葉か、どの単元で使うか、くらしや社会との関係を説明する。
水産業,existing,B,76,"5,6","5年:1,64,89,90,91,98,99,100,101,102,103,104,107,109,111,112...(+6) / 6年:55,283,284",full-text-heuristic,1,産業,ものをつくる、運ぶ、売る仕事に関わる言葉。生産者・消費者・地域・外国とのつながりを説明する。
エスディージーズ,new-candidate,B,75,"3,4,5,6","3年:1,2,44,66,82,94,112,128,158,163 / 4年:2,50,69,98,110,215 / 5年:2,7,104,120,172,236,241,246,251 / 6年:2,7,67,168,236,282,286,288,295",full-text-heuristic,7,社会,本文で重要な社会科語として扱う。何を表す言葉か、どの単元で使うか、くらしや社会との関係を説明する。
事故や事件からまちを守る,new-candidate,B,75,3,"3年:1,127",unit-heading,1,安全・防災,安全を守るしくみや備えを表す言葉。災害・事故に対して、だれがどのように行動するかを説明する。
近代国家を目ざして,new-candidate,B,75,6,"6年:1,297",unit-heading,1,社会,本文で重要な社会科語として扱う。何を表す言葉か、どの単元で使うか、くらしや社会との関係を説明する。
韓国,new-candidate,B,75,"3,4,5,6","3年:87,151 / 4年:202,203,204,205,209,210 / 5年:15,17,18,19,126,145,150,253 / 6年:1,10,110,194,196,222,225,226,231,241,270,271,272,284,294",full-text-heuristic,13,社会,本文で重要な社会科語として扱う。何を表す言葉か、どの単元で使うか、くらしや社会との関係を説明する。
公共,new-candidate,B,74,"3,5,6","3年:17,18,21,22,28,31,32,145,146,152,153,155,156,157,158,160...(+1) / 5年:216,218,222,224,261 / 6年:5,14,21,27,32,42,53,56,62",full-text-heuristic,2,社会,本文で重要な社会科語として扱う。何を表す言葉か、どの単元で使うか、くらしや社会との関係を説明する。
市民,new-candidate,B,74,"3,4,5,6","3年:37,38,98,153,164 / 4年:42,183,184,186 / 5年:239,240,242,243,245 / 6年:31,39,41,42,49,55,56,60,61,62,63,64,66,68,78,92...(+5)",full-text-heuristic,4,社会,本文で重要な社会科語として扱う。何を表す言葉か、どの単元で使うか、くらしや社会との関係を説明する。
新潟,new-candidate,B,74,"4,5,6","4年:10,11,100,104,136,160,204,217 / 5年:51,65,68,69,77,79,80,86,88,95,108,136,159,210,220,239...(+4) / 6年:51,79,173,178,230,236,296",full-text-heuristic,4,社会,本文で重要な社会科語として扱う。何を表す言葉か、どの単元で使うか、くらしや社会との関係を説明する。
かわる道具とくらし,new-candidate,B,73,3,3年:1,unit-heading,1,社会,本文で重要な社会科語として扱う。何を表す言葉か、どの単元で使うか、くらしや社会との関係を説明する。
世界の中の日本の国土,new-candidate,B,73,5,5年:1,unit-heading,1,国際,日本と世界のつながりを表す言葉。国や地域の違い、協力、課題解決との関係を説明する。
全国統一への動き,new-candidate,B,73,6,6年:1,unit-heading,1,社会,本文で重要な社会科語として扱う。何を表す言葉か、どの単元で使うか、くらしや社会との関係を説明する。
国づくりへの歩み,new-candidate,B,73,6,6年:1,unit-heading,1,社会,本文で重要な社会科語として扱う。何を表す言葉か、どの単元で使うか、くらしや社会との関係を説明する。
大陸に学んだ国づくり,new-candidate,B,73,6,6年:1,unit-heading,1,社会,本文で重要な社会科語として扱う。何を表す言葉か、どの単元で使うか、くらしや社会との関係を説明する。
室町文化と力をつける人々,new-candidate,B,73,6,6年:1,unit-heading,1,歴史,歴史を理解する手がかりになる言葉。人物・文化財・制度・できごとの意味と、時代の変化との関係を説明する。
店ではたらく人と仕事,new-candidate,B,73,3,3年:1,unit-heading,1,社会,本文で重要な社会科語として扱う。何を表す言葉か、どの単元で使うか、くらしや社会との関係を説明する。
新しい文化と学問,new-candidate,B,73,6,6年:1,unit-heading,1,歴史,歴史を理解する手がかりになる言葉。人物・文化財・制度・できごとの意味と、時代の変化との関係を説明する。
日本とつながりの深い国々,new-candidate,B,73,6,6年:1,unit-heading,1,社会,本文で重要な社会科語として扱う。何を表す言葉か、どの単元で使うか、くらしや社会との関係を説明する。
熊本県,new-candidate,B,73,"3,4,5,6","3年:177 / 4年:10,15,17,18,19,21,23,25,81,162 / 5年:65,67,97,112,127,204,211,237,239,247,248,255,257,259 / 6年:78,91,110,118,149,198,296",full-text-heuristic,9,社会,本文で重要な社会科語として扱う。何を表す言葉か、どの単元で使うか、くらしや社会との関係を説明する。
環境をともに守る,new-candidate,B,73,5,5年:1,unit-heading,1,環境,自然や資源、環境を守る取り組みに関わる言葉。問題点、工夫、これからのくらしとの関係を説明する。
鹿児島,new-candidate,B,72,"3,4,5,6","3年:177 / 4年:10,13,26 / 5年:25,27,28,61,89,90,97,117,136,226,239,247,248,255,256,257...(+3) / 6年:131,151,175,178,228,296",full-text-heuristic,4,地理,場所や広がり、自然条件を表す言葉。地図での位置、特色、人々のくらしとの関係を説明する。
や文化,new-candidate,B,71,"3,4,5,6","3年:6 / 4年:6,178,181,182,183,185,188 / 5年:6,60,248,259 / 6年:6,74,96,97,109,110,135,158,185,240,245,251,252,260,268,269...(+2)",full-text-heuristic,1,歴史,歴史を理解する手がかりになる言葉。人物・文化財・制度・できごとの意味と、時代の変化との関係を説明する。
農林水産省,new-candidate,B,71,"4,5,6","4年:21,160 / 5年:35,39,41,49,54,62,63,64,68,79,80,81,83,84,86,90...(+10) / 6年:27,28",full-text-heuristic,1,産業,ものをつくる、運ぶ、売る仕事に関わる言葉。生産者・消費者・地域・外国とのつながりを説明する。
ノートに書こう,new-candidate,B,70,"4,5,6","4年:87,105,119,165,193 / 5年:23,40,42,44,77,79,138,139,149,152,154,217,222 / 6年:33,47,50,219,267,269",full-text-heuristic,22,社会,本文で重要な社会科語として扱う。何を表す言葉か、どの単元で使うか、くらしや社会との関係を説明する。
用水路,existing,B,69,"4,5,6","4年:6,135,136,137,138,139,140,141,143,145,146,147,148,152 / 5年:56,80,81,82 / 6年:274,275,276",full-text-heuristic,2,環境,自然や資源、環境を守る取り組みに関わる言葉。問題点、工夫、これからのくらしとの関係を説明する。
高速道路,existing,B,69,"3,4,5,6","3年:32,33,34,36,79,82,148,155,173 / 4年:25,26,92,102 / 5年:78,95,96,108,111,136,140,160,220 / 6年:227,229,245",full-text-heuristic,4,社会,本文で重要な社会科語として扱う。何を表す言葉か、どの単元で使うか、くらしや社会との関係を説明する。
コンピューター,new-candidate,B,69,"3,4,5,6","3年:1,3,60,104,138,140,169 / 4年:1,3 / 5年:1,3,4,129,132,144,146,158,185,187,190,191,193,194,195,196...(+3) / 6年:1,3,4,249",full-text-heuristic,5,社会,本文で重要な社会科語として扱う。何を表す言葉か、どの単元で使うか、くらしや社会との関係を説明する。
日本の国,new-candidate,B,69,"5,6","5年:1,5,9,11,14,15,16,17,18,20,24,26,29,156,161,209...(+8) / 6年:96,102,103,109,193,196,210,224,240",full-text-heuristic,3,社会,本文で重要な社会科語として扱う。何を表す言葉か、どの単元で使うか、くらしや社会との関係を説明する。
タイ,new-candidate,B,68,"3,4,5,6","3年:66,116,143 / 4年:202,204 / 5年:11,113,124,134,142,149,150,151,166,169,181,196,239,242,253,261 / 6年:64,153,204,210,230,234,241,267",full-text-heuristic,10,社会,本文で重要な社会科語として扱う。何を表す言葉か、どの単元で使うか、くらしや社会との関係を説明する。
公園,new-candidate,B,68,"3,4,5,6","3年:11,13,14,31,32,36,37,38,40,146,152,155,163,164,173 / 4年:10,91,93,97,99,114,115,149,150 / 5年:33,60 / 6年:49,50,61,63,203,232",full-text-heuristic,4,社会,本文で重要な社会科語として扱う。何を表す言葉か、どの単元で使うか、くらしや社会との関係を説明する。
考えてみよう,new-candidate,B,68,"4,5,6","4年:16,77,107,152 / 5年:15,95,96,104,114,117,141,142,150,151,153,155,164,200,218,221 / 6年:8,17,21,74,112,136,146,192,234,288",full-text-heuristic,8,社会,本文で重要な社会科語として扱う。何を表す言葉か、どの単元で使うか、くらしや社会との関係を説明する。
さかんな地域,new-candidate,B,67,"4,5","4年:16,21,23,24,27,28,161,213 / 5年:1,6,67,68,70,71,76,87,88,89,90,102,103,107,109,110...(+4)",full-text-heuristic,1,社会,本文で重要な社会科語として扱う。何を表す言葉か、どの単元で使うか、くらしや社会との関係を説明する。
整理しよう,new-candidate,B,67,"3,4,5,6","3年:3,8,138 / 4年:3,8,27,43,128,142,143,169 / 5年:4,8,18,87,102,103,127,132,156,157,171,201,244,245 / 6年:3,8,83",full-text-heuristic,11,社会,本文で重要な社会科語として扱う。何を表す言葉か、どの単元で使うか、くらしや社会との関係を説明する。
年代,new-candidate,B,66,"3,4,5,6","3年:136,140,141,142,148,150,152,154,155,156,159,162,170,176 / 4年:151 / 5年:79,81,84,107,124,125,126,143,145,203,239 / 6年:50,201,255,270",full-text-heuristic,6,社会,本文で重要な社会科語として扱う。何を表す言葉か、どの単元で使うか、くらしや社会との関係を説明する。
人から,new-candidate,B,65,"3,4,5,6","3年:39,77,90,94,115,119 / 4年:34,49,57,87,102,103,105,118,119,127,140,163,168,169 / 5年:5,109 / 6年:17,22,32,63,73,206,236,242,250",full-text-heuristic,3,社会,本文で重要な社会科語として扱う。何を表す言葉か、どの単元で使うか、くらしや社会との関係を説明する。
ヒント,new-candidate,B,64,"3,4,5","3年:3,175 / 4年:3,13,14 / 5年:23,40,41,43,45,79,80,81,140,141,150,151,153,155,217,218...(+3)",full-text-heuristic,16,社会,本文で重要な社会科語として扱う。何を表す言葉か、どの単元で使うか、くらしや社会との関係を説明する。
工業生産,new-candidate,B,64,5,"5年:1,123,147,151,152,153,155,156,157,158,159,160,161,162,163,164...(+10)",full-text-heuristic,2,産業,ものをつくる、運ぶ、売る仕事に関わる言葉。生産者・消費者・地域・外国とのつながりを説明する。
広島,new-candidate,B,64,"4,5,6","4年:10,13,159,160 / 5年:102,159,211,218,219,247,255,257,259 / 6年:23,76,113,125,178,215,217,218,228,232,289,290,296",full-text-heuristic,2,地理,場所や広がり、自然条件を表す言葉。地図での位置、特色、人々のくらしとの関係を説明する。
静岡県,new-candidate,B,64,"3,4,5,6","3年:25 / 4年:10,80,83,84,94,121,136,217 / 5年:90,159,210,215,223,248,255,256,257,258,259,260 / 6年:37,85,100,113,134,173,296",full-text-heuristic,8,社会,本文で重要な社会科語として扱う。何を表す言葉か、どの単元で使うか、くらしや社会との関係を説明する。
室町,new-candidate,B,63,6,"6年:1,74,75,96,112,121,122,123,124,125,126,127,128,130,131,132...(+12)",full-text-heuristic,7,社会,本文で重要な社会科語として扱う。何を表す言葉か、どの単元で使うか、くらしや社会との関係を説明する。
日本海,new-candidate,B,63,"4,5,6","4年:165 / 5年:6,10,12,17,19,20,25,26,27,28,67,69,70,90,97,102...(+2) / 6年:151,162,194,195,271",full-text-heuristic,5,地理,場所や広がり、自然条件を表す言葉。地図での位置、特色、人々のくらしとの関係を説明する。
調べてきた,new-candidate,B,63,"3,4,6","3年:42,43,112,155,156 / 4年:2,5,43,49,67,71,95,96,97,98,109,128,142,143,151,171...(+2) / 6年:18,73,94,119,267,269,285",full-text-heuristic,3,社会,本文で重要な社会科語として扱う。何を表す言葉か、どの単元で使うか、くらしや社会との関係を説明する。
農林水産省),new-candidate,B,63,"4,5","4年:21,160 / 5年:35,39,41,49,54,62,63,64,79,80,81,83,84,86,90,95...(+7)",full-text-heuristic,3,産業,ものをつくる、運ぶ、売る仕事に関わる言葉。生産者・消費者・地域・外国とのつながりを説明する。
水産物,existing,B,62,"4,5","4年:11 / 5年:33,35,49,50,62,63,64,89,90,92,93,96,99,100,101,102...(+1)",full-text-heuristic,1,産業,ものをつくる、運ぶ、売る仕事に関わる言葉。生産者・消費者・地域・外国とのつながりを説明する。
降水量,existing,B,62,"4,5,6","4年:61 / 5年:2,25,26,27,31,33,39,69,107,108,109,111,112,223 / 6年:256,261",full-text-heuristic,3,環境,自然や資源、環境を守る取り組みに関わる言葉。問題点、工夫、これからのくらしとの関係を説明する。
面積,new-candidate,B,62,"4,5,6","4年:6,147,148,193,194 / 5年:10,17,35,39,49,62,83,84,86,223,227,229,252 / 6年:137,161,203,232,243,249,255,256,261,271",full-text-heuristic,6,社会,本文で重要な社会科語として扱う。何を表す言葉か、どの単元で使うか、くらしや社会との関係を説明する。
佐賀県,new-candidate,B,61,"3,4,5,6","3年:177 / 4年:10,11,12,15,17,18,19,21,23,25,162,165 / 5年:127,205,206,237,248,255,257,259 / 6年:87,138,190,296",full-text-heuristic,11,社会,本文で重要な社会科語として扱う。何を表す言葉か、どの単元で使うか、くらしや社会との関係を説明する。
千葉県,new-candidate,B,61,"3,4,5,6","3年:25,79 / 4年:10,80,84,121,193 / 5年:24,30,32,53,54,57,107,117,143,146,152,157,159,213,256,258...(+1) / 6年:164,296",full-text-heuristic,9,社会,本文で重要な社会科語として扱う。何を表す言葉か、どの単元で使うか、くらしや社会との関係を説明する。
スーパーマーケット,existing,B,60,"3,4,5","3年:48,49,50,51,52,55,57,67,69,83,170 / 4年:5,9,31,47,49 / 5年:77,78,96,117",full-text-heuristic,5,社会,本文で重要な社会科語として扱う。何を表す言葉か、どの単元で使うか、くらしや社会との関係を説明する。
北九州市,new-candidate,B,60,"4,5,6","4年:17,19,20,23,24,26,27,28,161,162,212 / 5年:133,143,237,238,239,240,241,242,243,244,245,246,257,259 / 6年:275,283",full-text-heuristic,6,社会,本文で重要な社会科語として扱う。何を表す言葉か、どの単元で使うか、くらしや社会との関係を説明する。
大阪府,new-candidate,B,60,"4,5,6","4年:10,11,12,159 / 5年:66,121,122,159,160,161,162,167,227,247,255,257,259 / 6年:75,89,91,102,105,131,134,296",full-text-heuristic,10,社会,本文で重要な社会科語として扱う。何を表す言葉か、どの単元で使うか、くらしや社会との関係を説明する。
水害,new-candidate,B,60,"4,5,6","4年:1,99,100,101,102,103,104,105,106,107,108,109,110,217 / 5年:54,55,56,84,211,217,219,221,222 / 6年:38",full-text-heuristic,2,安全・防災,安全を守るしくみや備えを表す言葉。災害・事故に対して、だれがどのように行動するかを説明する。
鎌倉,new-candidate,B,59,"3,6","3年:25 / 6年:74,75,96,112,114,115,116,118,119,121,122,123,127,132,139,144...(+7)",full-text-heuristic,11,社会,本文で重要な社会科語として扱う。何を表す言葉か、どの単元で使うか、くらしや社会との関係を説明する。
鹿児島県,new-candidate,B,59,"3,4,5,6","3年:177 / 4年:10,13,26 / 5年:25,27,28,61,89,90,97,117,226,239,247,248,255,256,257,258...(+2) / 6年:131,151,175,296",full-text-heuristic,7,地理,場所や広がり、自然条件を表す言葉。地図での位置、特色、人々のくらしとの関係を説明する。
選挙権,existing,B,58,6,"6年:19,20,33,50,70,71,192,200,202,223,224,234,237,238,295",full-text-heuristic,3,政治,社会のきまりや政治のしくみを表す言葉。だれが、何を、何のために行うのか、くらしとの関係を説明する。
ロシア,new-candidate,B,58,"4,5,6","4年:203 / 5年:9,10,11,15,16,17,18,52,59,100,143,145,147,166,253 / 6年:76,166,174,193,194,195,196,232,239,249,262",full-text-heuristic,4,社会,本文で重要な社会科語として扱う。何を表す言葉か、どの単元で使うか、くらしや社会との関係を説明する。
使われ方,new-candidate,B,58,"3,4,6","3年:2,16,28,29,30,133,134,136,139,140,146,148,149,150,155,156...(+5) / 4年:6,16,19,20 / 6年:32",full-text-heuristic,6,社会,本文で重要な社会科語として扱う。何を表す言葉か、どの単元で使うか、くらしや社会との関係を説明する。
新潟県,new-candidate,B,58,"4,5,6","4年:10,11,100,104,136,160,217 / 5年:51,65,68,69,77,79,80,86,88,159,210,220,239,248,256,258...(+1) / 6年:79,236,296",full-text-heuristic,4,社会,本文で重要な社会科語として扱う。何を表す言葉か、どの単元で使うか、くらしや社会との関係を説明する。
万t,new-candidate,B,57,"4,5","4年:21,36,40,160 / 5年:54,64,67,68,83,90,97,99,101,107,114,143,144,145",full-text-heuristic,21,社会,本文で重要な社会科語として扱う。何を表す言葉か、どの単元で使うか、くらしや社会との関係を説明する。
山梨県,new-candidate,B,57,"3,4,5,6","3年:25 / 4年:10,12,55,62,64,80,121,155,217 / 5年:39,111,248,255,256,257,258,259,260 / 6年:37,216,296",full-text-heuristic,13,地理,場所や広がり、自然条件を表す言葉。地図での位置、特色、人々のくらしとの関係を説明する。
返って,new-candidate,B,57,"3,4,5,6","3年:66,146,163 / 4年:9,14,43,49,50,96,108,109,123,187,211,215 / 5年:38,43,86,87,164,188,202,211,221,224,234 / 6年:47",full-text-heuristic,3,社会,本文で重要な社会科語として扱う。何を表す言葉か、どの単元で使うか、くらしや社会との関係を説明する。
和歌,new-candidate,B,55,"3,4,5,6","3年:177 / 4年:10,11,12,136,150 / 5年:118,122,159,167,247,255,257,259 / 6年:105,106,107,110,146,167,178,186,187,204,240,294",full-text-heuristic,3,社会,本文で重要な社会科語として扱う。何を表す言葉か、どの単元で使うか、くらしや社会との関係を説明する。
大正,new-candidate,B,55,"3,4,5,6","3年:136,141,152,155 / 4年:155 / 5年:19 / 6年:74,76,96,112,122,132,144,156,172,186,199,200,202,203,206,222...(+1)",full-text-heuristic,9,社会,本文で重要な社会科語として扱う。何を表す言葉か、どの単元で使うか、くらしや社会との関係を説明する。
川の水,new-candidate,B,55,"4,5","4年:57,60,61,63,101,102,105,106,107,108,136,138,144 / 5年:32,53,54,56,80,81,121,219,221",full-text-heuristic,1,地理,場所や広がり、自然条件を表す言葉。地図での位置、特色、人々のくらしとの関係を説明する。
集める,new-candidate,B,55,"3,4,5,6","3年:2,28,81,165,167,169 / 4年:2,29,35,37,47,48,89,158 / 5年:2,60,67,179,180,251 / 6年:2,28,31,102,111,159",full-text-heuristic,3,社会,本文で重要な社会科語として扱う。何を表す言葉か、どの単元で使うか、くらしや社会との関係を説明する。
食料生産,existing,B,54,"5,6","5年:1,61,113,114,116,117,118,119,120,121,156,249,255 / 6年:5",full-text-heuristic,1,産業,ものをつくる、運ぶ、売る仕事に関わる言葉。生産者・消費者・地域・外国とのつながりを説明する。
札幌,new-candidate,B,54,"4,5,6","4年:204 / 5年:30,31,47,48,51,59,60,78,91,95,108,136,159,258 / 6年:10,59,60,61,62,63,64,76",full-text-heuristic,8,社会,本文で重要な社会科語として扱う。何を表す言葉か、どの単元で使うか、くらしや社会との関係を説明する。
(p,new-candidate,B,53,"4,6",4年:19 / 6年:296,full-text-heuristic,49,社会,本文で重要な社会科語として扱う。何を表す言葉か、どの単元で使うか、くらしや社会との関係を説明する。
R6b,new-candidate,B,53,5,"5年:48,99,102,124,125,126,143,145,147,149,150,151,161,163,166,172...(+1)",full-text-heuristic,19,社会,本文で重要な社会科語として扱う。何を表す言葉か、どの単元で使うか、くらしや社会との関係を説明する。
ブラジル,new-candidate,B,53,"5,6","5年:12,14,113,166,241,254 / 6年:241,242,244,246,248,250,252,254,255,256,257,258,259,260,262,264...(+3)",full-text-heuristic,3,社会,本文で重要な社会科語として扱う。何を表す言葉か、どの単元で使うか、くらしや社会との関係を説明する。
平安,new-candidate,B,53,6,"6年:6,74,75,96,105,106,108,111,112,120,122,132,144,156,167,172...(+6)",full-text-heuristic,9,社会,本文で重要な社会科語として扱う。何を表す言葉か、どの単元で使うか、くらしや社会との関係を説明する。
縄文,new-candidate,B,53,"5,6","5年:248 / 6年:2,74,75,79,80,82,86,93,96,112,122,132,144,156,172,184...(+4)",full-text-heuristic,11,社会,本文で重要な社会科語として扱う。何を表す言葉か、どの単元で使うか、くらしや社会との関係を説明する。
山口県,new-candidate,B,52,"4,5,6","4年:10,15,17,19,21,23,25,162 / 5年:127,159,237,241,248,255,257,259 / 6年:138,151,175,191,193,296",full-text-heuristic,8,地理,場所や広がり、自然条件を表す言葉。地図での位置、特色、人々のくらしとの関係を説明する。
長野県,new-candidate,B,52,"3,4,5,6","3年:177 / 4年:10,80 / 5年:24,25,29,30,32,39,40,41,43,46,69,227,255,256,257,258...(+1) / 6年:37,207",full-text-heuristic,8,社会,本文で重要な社会科語として扱う。何を表す言葉か、どの単元で使うか、くらしや社会との関係を説明する。
(2020年,new-candidate,B,51,"3,4,5,6","3年:70,160 / 4年:71,90 / 5年:35,39,41,86,87,93,101,112,124,152,153,159,161,191,213,223 / 6年:45,233,262,283",full-text-heuristic,3,社会,本文で重要な社会科語として扱う。何を表す言葉か、どの単元で使うか、くらしや社会との関係を説明する。
ふり返って,new-candidate,B,51,"3,4,5,6","3年:66,163 / 4年:9,14,43,49,50,109,123,187,211,215 / 5年:38,43,86,87,164,188,202,211,221,224,234 / 6年:47",full-text-heuristic,3,社会,本文で重要な社会科語として扱う。何を表す言葉か、どの単元で使うか、くらしや社会との関係を説明する。
持続可能な,new-candidate,B,51,"3,4,5,6","3年:2,163 / 4年:2,215 / 5年:2,101,141,242,251,260,261 / 6年:1,2,67,168,236,282,286,288,295",full-text-heuristic,1,社会,本文で重要な社会科語として扱う。何を表す言葉か、どの単元で使うか、くらしや社会との関係を説明する。
消防しょ,new-candidate,B,51,3,"3年:17,18,31,40,45,47,97,98,99,100,101,102,103,104,105,106...(+7)",full-text-heuristic,5,安全・防災,安全を守るしくみや備えを表す言葉。災害・事故に対して、だれがどのように行動するかを説明する。
自動車工場,new-candidate,B,51,"4,5,6","4年:24 / 5年:13,125,126,127,128,129,131,133,134,135,136,140,144,147,158,161...(+2) / 6年:5",full-text-heuristic,1,産業,ものをつくる、運ぶ、売る仕事に関わる言葉。生産者・消費者・地域・外国とのつながりを説明する。
車工場,new-candidate,B,51,"4,5,6","4年:24 / 5年:13,125,126,127,128,129,131,133,134,135,136,140,144,147,158,161...(+2) / 6年:5",full-text-heuristic,1,産業,ものをつくる、運ぶ、売る仕事に関わる言葉。生産者・消費者・地域・外国とのつながりを説明する。
生産者,existing,B,50,"5,6","5年:67,77,84,96,104,115,116,117,119,120 / 6年:55",full-text-heuristic,3,産業,ものをつくる、運ぶ、売る仕事に関わる言葉。生産者・消費者・地域・外国とのつながりを説明する。
インド,new-candidate,B,50,"4,5,6","4年:203,205 / 5年:11,101,113,126,143,145,150,157,165,166,253 / 6年:64,101,142,174,226,239,249,273,281",full-text-heuristic,6,社会,本文で重要な社会科語として扱う。何を表す言葉か、どの単元で使うか、くらしや社会との関係を説明する。
原因,new-candidate,B,50,"3,4,5,6","3年:119 / 4年:66,75,155,156,196 / 5年:34,114,139,141,156,211,219,234,238,239,246 / 6年:45,198,277,281,282",full-text-heuristic,6,社会,本文で重要な社会科語として扱う。何を表す言葉か、どの単元で使うか、くらしや社会との関係を説明する。
台湾,new-candidate,B,50,"4,5,6","4年:210 / 5年:10,17,19,33,102,113,147,149,150,151,166 / 6年:193,195,196,208,218,225,241,249,271",full-text-heuristic,8,社会,本文で重要な社会科語として扱う。何を表す言葉か、どの単元で使うか、くらしや社会との関係を説明する。
愛知県,new-candidate,B,50,"4,5,6","4年:10,11,121 / 5年:159,160,162,170,210,233,255,257,258,259,260 / 6年:37,49,129,132,134,216,296",full-text-heuristic,8,社会,本文で重要な社会科語として扱う。何を表す言葉か、どの単元で使うか、くらしや社会との関係を説明する。
収集,new-candidate,B,49,"4,5,6","4年:31,32,33,34,35,36,37,38,42,43,44,45,49 / 5年:242 / 6年:227",full-text-heuristic,19,社会,本文で重要な社会科語として扱う。何を表す言葉か、どの単元で使うか、くらしや社会との関係を説明する。
取り組みについて,new-candidate,B,49,"3,4,5,6","3年:107,109,125 / 4年:50,59,65,71,87,88,93,97,102,105,109,127,169,207,216 / 5年:187 / 6年:40,48,285",full-text-heuristic,5,社会,本文で重要な社会科語として扱う。何を表す言葉か、どの単元で使うか、くらしや社会との関係を説明する。
大分県,new-candidate,B,49,"3,4,5,6","3年:159 / 4年:10,15,17,18,19,21,23,25,84,162 / 5年:97,127,237,255,257,259 / 6年:163,182,296",full-text-heuristic,9,社会,本文で重要な社会科語として扱う。何を表す言葉か、どの単元で使うか、くらしや社会との関係を説明する。
岩手県,new-candidate,B,49,"4,5,6","4年:10,96 / 5年:105,106,109,117,170,210,211,213,216,248,256,258,260 / 6年:51,53,54,114,120,284,296",full-text-heuristic,5,社会,本文で重要な社会科語として扱う。何を表す言葉か、どの単元で使うか、くらしや社会との関係を説明する。
確かめよう,new-candidate,B,49,"5,6","5年:8,46,87,103,119,142,154,171,187,201,235,245,249 / 6年:8,33,47,73,93,188,198,201,267,291",full-text-heuristic,3,社会,本文で重要な社会科語として扱う。何を表す言葉か、どの単元で使うか、くらしや社会との関係を説明する。
福岡市,new-candidate,B,49,"4,5,6","4年:17,19,20,23,24,26,81,162,201,202,203,204,205,206,207,209...(+2) / 5年:127,237 / 6年:92,275",full-text-heuristic,5,社会,本文で重要な社会科語として扱う。何を表す言葉か、どの単元で使うか、くらしや社会との関係を説明する。
長崎県,new-candidate,B,49,"4,5,6","4年:10,81,121 / 5年:23,61,89,90,206,211,220,247,248,255,257,259 / 6年:136,149,150,151,154,220,233,296",full-text-heuristic,3,社会,本文で重要な社会科語として扱う。何を表す言葉か、どの単元で使うか、くらしや社会との関係を説明する。
基本的人権,existing,B,48,6,"6年:15,16,17,18,20,21,33,34,288,291,295",full-text-heuristic,1,社会,本文で重要な社会科語として扱う。何を表す言葉か、どの単元で使うか、くらしや社会との関係を説明する。
(想像図),new-candidate,B,48,"4,6","4年:133,137,140,141,145,147 / 6年:80,81,85,90,95,102,105,112,127,133,137,143,147,148,163",full-text-heuristic,6,社会,本文で重要な社会科語として扱う。何を表す言葉か、どの単元で使うか、くらしや社会との関係を説明する。
サウジアラビア,new-candidate,B,48,"5,6","5年:11,13,145,147,150 / 6年:242,244,246,248,250,252,254,256,258,260,261,262,263,264,265,266...(+1)",full-text-heuristic,4,社会,本文で重要な社会科語として扱う。何を表す言葉か、どの単元で使うか、くらしや社会との関係を説明する。
埼玉県,new-candidate,B,48,"3,4,5,6","3年:79 / 4年:10,12,80,121,131,132,138,217 / 5年:53,159,219,256,258,260 / 6年:89,91,180,269,296",full-text-heuristic,8,社会,本文で重要な社会科語として扱う。何を表す言葉か、どの単元で使うか、くらしや社会との関係を説明する。
パン,new-candidate,B,47,"3,4,5,6","3年:50,72 / 4年:31,86,89,104,116,149,162,212 / 5年:85,118,193,195,252 / 6年:52,135,181,226,251,275",full-text-heuristic,5,社会,本文で重要な社会科語として扱う。何を表す言葉か、どの単元で使うか、くらしや社会との関係を説明する。
国宝,new-candidate,B,47,6,"6年:78,79,88,89,91,92,97,101,103,104,106,107,113,118,120,121...(+5)",full-text-heuristic,5,社会,本文で重要な社会科語として扱う。何を表す言葉か、どの単元で使うか、くらしや社会との関係を説明する。
国際連,new-candidate,B,47,"5,6","5年:101,251 / 6年:22,26,67,76,199,207,208,222,225,226,278,279,280,286,293,295",full-text-heuristic,1,国際,日本と世界のつながりを表す言葉。国や地域の違い、協力、課題解決との関係を説明する。
宮城県,new-candidate,B,47,"4,5,6","4年:10,12,160 / 5年:51,90,105,106,210,212,213,224,256,258,260 / 6年:51,53,198,233,278,284,296",full-text-heuristic,5,歴史,歴史を理解する手がかりになる言葉。人物・文化財・制度・できごとの意味と、時代の変化との関係を説明する。
年ごろ,new-candidate,B,47,"3,4,5,6","3年:46,81,136,149 / 4年:134,166,169 / 5年:44,55,101,124,126,165,191,224,237,239 / 6年:44,114,171,207,214",full-text-heuristic,3,社会,本文で重要な社会科語として扱う。何を表す言葉か、どの単元で使うか、くらしや社会との関係を説明する。
見沼代用水,new-candidate,B,46,4,"4年:134,135,136,137,138,139,141,142,143,144,146,147,148,149,150,151",full-text-heuristic,4,環境,自然や資源、環境を守る取り組みに関わる言葉。問題点、工夫、これからのくらしとの関係を説明する。
他の地域,new-candidate,B,45,"4,5,6","4年:118,121,122,123,124,187,210 / 5年:35,36,37,41,43,44,54,58,121 / 6年:131",full-text-heuristic,1,社会,本文で重要な社会科語として扱う。何を表す言葉か、どの単元で使うか、くらしや社会との関係を説明する。
公共しせ,new-candidate,B,45,3,"3年:17,18,21,22,28,31,32,145,146,152,153,155,156,157,158,160...(+1)",full-text-heuristic,1,社会,本文で重要な社会科語として扱う。何を表す言葉か、どの単元で使うか、くらしや社会との関係を説明する。
弥生,new-candidate,B,45,6,"6年:6,73,74,75,86,93,96,112,122,132,144,156,172,186,206,222...(+2)",full-text-heuristic,9,社会,本文で重要な社会科語として扱う。何を表す言葉か、どの単元で使うか、くらしや社会との関係を説明する。
徳川,new-candidate,B,45,6,"6年:1,75,76,129,131,132,139,140,141,144,145,146,155,169,176,294",full-text-heuristic,3,地理,場所や広がり、自然条件を表す言葉。地図での位置、特色、人々のくらしとの関係を説明する。
中華人民共和国,new-candidate,B,44,"4,5,6","4年:203,204,206 / 5年:10,11,15,17,19,113,147,149,150,151,166,253 / 6年:76,249,251",full-text-heuristic,8,社会,本文で重要な社会科語として扱う。何を表す言葉か、どの単元で使うか、くらしや社会との関係を説明する。
徳島県,new-candidate,B,44,"4,5,6","4年:10,13,84,115,116,117,121,124,126,217 / 5年:107,215,227,255,257,259 / 6年:100,296",full-text-heuristic,8,地理,場所や広がり、自然条件を表す言葉。地図での位置、特色、人々のくらしとの関係を説明する。
市議会,existing,B,43,6,"6年:41,42,48,49,56,62,64,65",full-text-heuristic,2,社会,本文で重要な社会科語として扱う。何を表す言葉か、どの単元で使うか、くらしや社会との関係を説明する。
(気象庁),new-candidate,B,43,"4,5","4年:61,191 / 5年:21,22,31,37,51,69,107,108,109,111,112,217",full-text-heuristic,15,社会,本文で重要な社会科語として扱う。何を表す言葉か、どの単元で使うか、くらしや社会との関係を説明する。
オーストラリア,new-candidate,B,43,"3,5,6","3年:62,87 / 5年:9,11,12,14,113,147,149,150,151,253 / 6年:210,239,241,244",full-text-heuristic,11,社会,本文で重要な社会科語として扱う。何を表す言葉か、どの単元で使うか、くらしや社会との関係を説明する。
見沼,new-candidate,B,43,4,"4年:131,133,134,135,136,137,138,139,140,141,142,143,144,146,147,148...(+4)",full-text-heuristic,3,社会,本文で重要な社会科語として扱う。何を表す言葉か、どの単元で使うか、くらしや社会との関係を説明する。
才以上,new-candidate,B,42,"5,6","5年:84,206,230 / 6年:19,26,29,36,37,43,47,70,71,179,192,200,202,223,234,237",full-text-heuristic,4,社会,本文で重要な社会科語として扱う。何を表す言葉か、どの単元で使うか、くらしや社会との関係を説明する。
青森県,new-candidate,B,42,"3,4,5,6","3年:177 / 4年:10,12 / 5年:47,91,107,219,226,248,256,258,260 / 6年:53,59,75,79,255,296",full-text-heuristic,6,社会,本文で重要な社会科語として扱う。何を表す言葉か、どの単元で使うか、くらしや社会との関係を説明する。
化学工業,existing,B,41,5,"5年:123,158,159,160,161,171,172",full-text-heuristic,2,産業,ものをつくる、運ぶ、売る仕事に関わる言葉。生産者・消費者・地域・外国とのつながりを説明する。
利根川,new-candidate,B,41,"4,5","4年:135,136,137,138,143,144,146,152 / 5年:24,30,53,56,57,58",full-text-heuristic,3,地理,場所や広がり、自然条件を表す言葉。地図での位置、特色、人々のくらしとの関係を説明する。
奈良県,new-candidate,B,41,"4,5,6","4年:10,12 / 5年:167,223,233,247,255,257,259 / 6年:75,82,88,91,97,100,105,296",full-text-heuristic,7,社会,本文で重要な社会科語として扱う。何を表す言葉か、どの単元で使うか、くらしや社会との関係を説明する。
富山県,new-candidate,B,41,"4,5,6","4年:10,74 / 5年:51,69,159,239,248,255,256,257,258,259,260 / 6年:160,236,296",full-text-heuristic,9,地理,場所や広がり、自然条件を表す言葉。地図での位置、特色、人々のくらしとの関係を説明する。
新たな,new-candidate,B,41,"4,5,6","4年:42,44,124,128,200 / 5年:85,137,169,170,173,181,198,204,218,251 / 6年:75,142,251,290",full-text-heuristic,3,社会,本文で重要な社会科語として扱う。何を表す言葉か、どの単元で使うか、くらしや社会との関係を説明する。
消費量,new-candidate,B,41,5,"5年:2,64,83,84,85,86,87,101,116,120,139,141,145,173,261",full-text-heuristic,1,社会,本文で重要な社会科語として扱う。何を表す言葉か、どの単元で使うか、くらしや社会との関係を説明する。
知りたいな,new-candidate,B,41,"4,5,6","4年:1,11,74,88,90,145,168,180,190,206 / 5年:45,68,194 / 6年:72,187,196,241",full-text-heuristic,7,社会,本文で重要な社会科語として扱う。何を表す言葉か、どの単元で使うか、くらしや社会との関係を説明する。
一揆,new-candidate,B,40,6,"6年:75,76,137,138,149,150,166,167,169,175,179,293,294,296",full-text-heuristic,2,社会,本文で重要な社会科語として扱う。何を表す言葉か、どの単元で使うか、くらしや社会との関係を説明する。
京都府,new-candidate,B,40,"4,5,6","4年:10,11,12 / 5年:122,162,167,247,255,257,259 / 6年:75,105,106,135,216,296",full-text-heuristic,8,社会,本文で重要な社会科語として扱う。何を表す言葉か、どの単元で使うか、くらしや社会との関係を説明する。
兵庫県,new-candidate,B,40,"4,5,6","4年:10,12,121 / 5年:122,157,159,167,211,218,247,255,257,259 / 6年:105,114,215,296",full-text-heuristic,6,社会,本文で重要な社会科語として扱う。何を表す言葉か、どの単元で使うか、くらしや社会との関係を説明する。
持続可能な開,new-candidate,B,40,"3,4,5,6","3年:2,163 / 4年:2,215 / 5年:2,251 / 6年:2,67,168,236,282,286,288,295",full-text-heuristic,2,社会,本文で重要な社会科語として扱う。何を表す言葉か、どの単元で使うか、くらしや社会との関係を説明する。
群馬県,new-candidate,B,40,"3,4,5,6","3年:177 / 4年:10,80 / 5年:69,159,219,248,256,257,258,259,260 / 6年:76,89,180,258,296",full-text-heuristic,6,社会,本文で重要な社会科語として扱う。何を表す言葉か、どの単元で使うか、くらしや社会との関係を説明する。
(平成23),new-candidate,B,39,"4,5,6","4年:78,96 / 5年:106,192,199,203,213 / 6年:39,40,51,56,120,154,233,284",full-text-heuristic,9,社会,本文で重要な社会科語として扱う。何を表す言葉か、どの単元で使うか、くらしや社会との関係を説明する。
サウジアラビア調べ,new-candidate,B,39,6,"6年:242,244,246,248,250,252,254,256,258,260,262,264,266",full-text-heuristic,13,社会,本文で重要な社会科語として扱う。何を表す言葉か、どの単元で使うか、くらしや社会との関係を説明する。
ブラジル調べ,new-candidate,B,39,6,"6年:242,244,246,248,250,252,254,256,258,260,262,264,266",full-text-heuristic,13,社会,本文で重要な社会科語として扱う。何を表す言葉か、どの単元で使うか、くらしや社会との関係を説明する。
土地の使われ方,new-candidate,B,39,"3,4","3年:2,28,29,30,146,149,150,155,156,157,159,160,161 / 4年:6,19,20",full-text-heuristic,7,地理,場所や広がり、自然条件を表す言葉。地図での位置、特色、人々のくらしとの関係を説明する。
大型,new-candidate,B,39,"4,5,6","4年:32,33,41,44,202,203,209 / 5年:82,99,107,144,146,148,161 / 6年:174,245,250",full-text-heuristic,5,社会,本文で重要な社会科語として扱う。何を表す言葉か、どの単元で使うか、くらしや社会との関係を説明する。
安土,new-candidate,B,39,6,"6年:74,75,96,112,122,132,133,134,135,144,156,161,172,186,206,222...(+1)",full-text-heuristic,5,社会,本文で重要な社会科語として扱う。何を表す言葉か、どの単元で使うか、くらしや社会との関係を説明する。
岐阜県,new-candidate,B,39,"3,4,5,6","3年:159 / 4年:10,12,74 / 5年:25,27,227,248,255,256,257,258,259,260 / 6年:139",full-text-heuristic,9,社会,本文で重要な社会科語として扱う。何を表す言葉か、どの単元で使うか、くらしや社会との関係を説明する。
話し合う,new-candidate,B,39,"3,4,5,6","3年:126,157 / 4年:49,50,67,145,188 / 5年:5,8,88,160,176,186,202 / 6年:5,18,49,267",full-text-heuristic,3,社会,本文で重要な社会科語として扱う。何を表す言葉か、どの単元で使うか、くらしや社会との関係を説明する。
(2021年農林水産省),new-candidate,B,38,"4,5","4年:21 / 5年:49,62,63,64,90,95,97,107",full-text-heuristic,10,産業,ものをつくる、運ぶ、売る仕事に関わる言葉。生産者・消費者・地域・外国とのつながりを説明する。
SDGsとつなげて,new-candidate,B,38,"3,4,5,6","3年:1,2,158,163 / 4年:1,2,215 / 5年:2,7,104,120,172,236,246,251 / 6年:7,67",full-text-heuristic,4,国際,日本と世界のつながりを表す言葉。国や地域の違い、協力、課題解決との関係を説明する。
今後,new-candidate,B,38,"4,5,6","4年:76,89,170 / 5年:195,198,202,208,213,214 / 6年:2,36,43,44,45,47,52,61",full-text-heuristic,4,社会,本文で重要な社会科語として扱う。何を表す言葉か、どの単元で使うか、くらしや社会との関係を説明する。
アメリカ調べ,new-candidate,B,37,6,"6年:242,244,246,248,250,252,254,256,258,260,262,264,266",full-text-heuristic,11,社会,本文で重要な社会科語として扱う。何を表す言葉か、どの単元で使うか、くらしや社会との関係を説明する。
億円,new-candidate,B,37,"4,5,6","4年:23 / 5年:124,149,150,151,158,159,161 / 6年:27,42,62,194,245",full-text-heuristic,11,社会,本文で重要な社会科語として扱う。何を表す言葉か、どの単元で使うか、くらしや社会との関係を説明する。
和歌山県,new-candidate,B,37,"3,4,5,6","3年:177 / 4年:10,11,12,136,150 / 5年:118,122,167,247,255,257,259 / 6年:186,204",full-text-heuristic,7,地理,場所や広がり、自然条件を表す言葉。地図での位置、特色、人々のくらしとの関係を説明する。
寒い地域,existing,B,36,5,"5年:29,30,31,47,220",full-text-heuristic,1,社会,本文で重要な社会科語として扱う。何を表す言葉か、どの単元で使うか、くらしや社会との関係を説明する。
金属工業,existing,B,36,5,"5年:123,158,159,161,171",full-text-heuristic,1,産業,ものをつくる、運ぶ、売る仕事に関わる言葉。生産者・消費者・地域・外国とのつながりを説明する。
okinawa,new-candidate,B,36,5,"5年:30,31,33,35,36,38,39,40,41,42,43,46",full-text-heuristic,12,社会,本文で重要な社会科語として扱う。何を表す言葉か、どの単元で使うか、くらしや社会との関係を説明する。
地図から,new-candidate,B,36,"3,4,5","3年:2,30,33,35,37,45,46 / 4年:17,18,139 / 5年:23,57",full-text-heuristic,2,学び方,社会科で調べ、考え、表すときに使う方法の言葉。何をする場面で使うか、どんな手順か、学習問題との関係を説明する。
日本の工業生産,new-candidate,B,36,5,"5年:1,152,158,159,161,163,164,170,171,172,250,257",full-text-heuristic,2,産業,ものをつくる、運ぶ、売る仕事に関わる言葉。生産者・消費者・地域・外国とのつながりを説明する。
発表しよう,new-candidate,B,36,"3,4,5,6","3年:49,51,53,59,61,89 / 4年:49,51,69,110,187,205 / 5年:3 / 6年:28,109",full-text-heuristic,6,学び方,社会科で調べ、考え、表すときに使う方法の言葉。何をする場面で使うか、どんな手順か、学習問題との関係を説明する。
(農林水産省),new-candidate,B,35,5,"5年:79,80,81,83,84,99,114",full-text-heuristic,11,産業,ものをつくる、運ぶ、売る仕事に関わる言葉。生産者・消費者・地域・外国とのつながりを説明する。
trade,new-candidate,B,35,5,"5年:147,149,150,151,152,153,154,155",full-text-heuristic,19,社会,本文で重要な社会科語として扱う。何を表す言葉か、どの単元で使うか、くらしや社会との関係を説明する。
ドイツ,new-candidate,B,35,"5,6","5年:11,13,125,126,147,150,253 / 6年:76,191,194,198,209,217,220,244,279",full-text-heuristic,3,社会,本文で重要な社会科語として扱う。何を表す言葉か、どの単元で使うか、くらしや社会との関係を説明する。
中国調べ,new-candidate,B,35,6,"6年:242,244,246,248,250,252,254,256,258,260,262,264,266",full-text-heuristic,9,社会,本文で重要な社会科語として扱う。何を表す言葉か、どの単元で使うか、くらしや社会との関係を説明する。
大韓民国,new-candidate,B,35,"4,5,6","4年:203,204,206 / 5年:10,15,17,19,149,150,151,166,253 / 6年:226,231,271",full-text-heuristic,5,社会,本文で重要な社会科語として扱う。何を表す言葉か、どの単元で使うか、くらしや社会との関係を説明する。
持続可能な開発,new-candidate,B,35,"3,4,5,6","3年:2 / 4年:2 / 5年:2,251 / 6年:2,67,168,236,282,286,288,295",full-text-heuristic,1,社会,本文で重要な社会科語として扱う。何を表す言葉か、どの単元で使うか、くらしや社会との関係を説明する。
栃木県,new-candidate,B,35,"3,4,5,6","3年:177 / 4年:10,80 / 5年:22,23,69,159,219,248,256,258,260 / 6年:145,197,296",full-text-heuristic,5,社会,本文で重要な社会科語として扱う。何を表す言葉か、どの単元で使うか、くらしや社会との関係を説明する。
気温と降水量,new-candidate,B,35,"5,6","5年:2,25,31,33,39,69,107,108,109,111,112 / 6年:261",full-text-heuristic,1,環境,自然や資源、環境を守る取り組みに関わる言葉。問題点、工夫、これからのくらしとの関係を説明する。
自動車や,new-candidate,B,35,"3,5,6","3年:101,104,111 / 5年:125,138,143,151,153,166,169,170 / 6年:245",full-text-heuristic,1,社会,本文で重要な社会科語として扱う。何を表す言葉か、どの単元で使うか、くらしや社会との関係を説明する。
茨城県,new-candidate,B,35,"3,4,5,6","3年:177 / 4年:10,73,80,136,160 / 5年:24,53,57,90,159,211,256,258,260 / 6年:296",full-text-heuristic,3,歴史,歴史を理解する手がかりになる言葉。人物・文化財・制度・できごとの意味と、時代の変化との関係を説明する。
身分,new-candidate,B,35,"4,6","4年:180 / 6年:75,76,87,137,138,147,148,153,165,170,178,182,183,200,294",full-text-heuristic,3,社会,本文で重要な社会科語として扱う。何を表す言葉か、どの単元で使うか、くらしや社会との関係を説明する。
零下,new-candidate,B,35,5,"5年:21,22,24,25,31,47,69,107,108,109,111,112",full-text-heuristic,11,社会,本文で重要な社会科語として扱う。何を表す言葉か、どの単元で使うか、くらしや社会との関係を説明する。
あたたかい地域,existing,B,34,5,"5年:29,31,33,47",full-text-heuristic,1,社会,本文で重要な社会科語として扱う。何を表す言葉か、どの単元で使うか、くらしや社会との関係を説明する。
電気自動車,existing,B,34,5,"5年:139,141,170",full-text-heuristic,3,社会,本文で重要な社会科語として扱う。何を表す言葉か、どの単元で使うか、くらしや社会との関係を説明する。
食料品工業,existing,B,34,5,"5年:123,158,159,161",full-text-heuristic,1,産業,ものをつくる、運ぶ、売る仕事に関わる言葉。生産者・消費者・地域・外国とのつながりを説明する。
sakana,new-candidate,B,34,5,"5年:90,91,92,93,95,96,97,99,100,101,102",full-text-heuristic,12,社会,本文で重要な社会科語として扱う。何を表す言葉か、どの単元で使うか、くらしや社会との関係を説明する。
野辺山原,new-candidate,B,34,5,"5年:29,30,31,32,38,39,40,41,42,43,44,45,46,63,255",full-text-heuristic,4,地理,場所や広がり、自然条件を表す言葉。地図での位置、特色、人々のくらしとの関係を説明する。
飛鳥,new-candidate,B,34,6,"6年:74,75,96,112,122,132,144,156,172,186,206,222",full-text-heuristic,10,社会,本文で重要な社会科語として扱う。何を表す言葉か、どの単元で使うか、くらしや社会との関係を説明する。
な工場,new-candidate,B,33,"3,5","3年:28,71,72 / 5年:127,142,158,160,161,170,238,242",full-text-heuristic,1,産業,ものをつくる、運ぶ、売る仕事に関わる言葉。生産者・消費者・地域・外国とのつながりを説明する。
アメリカ合衆国,new-candidate,B,33,"4,5,6","4年:117,206 / 5年:12,113,147,149,150,151,166,254 / 6年:173,243,244",full-text-heuristic,7,社会,本文で重要な社会科語として扱う。何を表す言葉か、どの単元で使うか、くらしや社会との関係を説明する。
オホーツク海,new-candidate,B,33,"4,5","4年:10 / 5年:10,17,47,50,253,254,256",full-text-heuristic,7,地理,場所や広がり、自然条件を表す言葉。地図での位置、特色、人々のくらしとの関係を説明する。
ポイント,new-candidate,B,33,"3,4,5","3年:64,66,68 / 4年:68 / 5年:40,42,44,138,140,152,154,196,217",full-text-heuristic,7,社会,本文で重要な社会科語として扱う。何を表す言葉か、どの単元で使うか、くらしや社会との関係を説明する。
不平等条約,new-candidate,B,33,6,"6年:76,177,185,186,187,188,189,196,201,202,237",full-text-heuristic,1,歴史,歴史を理解する手がかりになる言葉。人物・文化財・制度・できごとの意味と、時代の変化との関係を説明する。
午後,new-candidate,B,33,"3,5,6","3年:78,106,122 / 5年:95,96,98,132,181,189 / 6年:51,254,255,260,263,266",full-text-heuristic,3,社会,本文で重要な社会科語として扱う。何を表す言葉か、どの単元で使うか、くらしや社会との関係を説明する。
商店,new-candidate,B,33,"3,4,5,6","3年:49,50,67,68,126,127,173 / 4年:17,19,20,28,113 / 5年:191 / 6年:31,44",full-text-heuristic,3,社会,本文で重要な社会科語として扱う。何を表す言葉か、どの単元で使うか、くらしや社会との関係を説明する。
地球温暖,new-candidate,B,33,"4,5,6","4年:75,77 / 5年:139,141,173,217,234,261 / 6年:274,281,295",full-text-heuristic,1,社会,本文で重要な社会科語として扱う。何を表す言葉か、どの単元で使うか、くらしや社会との関係を説明する。
平和主,new-candidate,B,33,6,"6年:15,16,17,18,22,23,33,68,234,291,295",full-text-heuristic,1,社会,本文で重要な社会科語として扱う。何を表す言葉か、どの単元で使うか、くらしや社会との関係を説明する。
広島県,new-candidate,B,33,"4,5,6","4年:10,13 / 5年:159,211,218,219,247,255,257,259 / 6年:76,113,125,296",full-text-heuristic,5,地理,場所や広がり、自然条件を表す言葉。地図での位置、特色、人々のくらしとの関係を説明する。
有明海,new-candidate,B,33,"4,5","4年:17,19,21,22,23,25,162 / 5年:102,255",full-text-heuristic,5,地理,場所や広がり、自然条件を表す言葉。地図での位置、特色、人々のくらしとの関係を説明する。
東峰村,new-candidate,B,33,4,"4年:17,19,20,162,163,164,165,166,167,168,169,170,171,172",full-text-heuristic,5,社会,本文で重要な社会科語として扱う。何を表す言葉か、どの単元で使うか、くらしや社会との関係を説明する。
桃山,new-candidate,B,33,6,"6年:74,75,96,112,122,132,144,156,161,172,186,206,222",full-text-heuristic,7,地理,場所や広がり、自然条件を表す言葉。地図での位置、特色、人々のくらしとの関係を説明する。
水力,new-candidate,B,33,"4,5","4年:62,67,74,75,76,78,217 / 5年:173,242",full-text-heuristic,5,環境,自然や資源、環境を守る取り組みに関わる言葉。問題点、工夫、これからのくらしとの関係を説明する。
神戸,new-candidate,B,33,"4,5,6","4年:202 / 5年:95,122,136,154,155,157,211,257,259 / 6年:173,186,203,215,219",full-text-heuristic,3,社会,本文で重要な社会科語として扱う。何を表す言葉か、どの単元で使うか、くらしや社会との関係を説明する。
秋田県,new-candidate,B,33,"3,4,5,6","3年:177 / 4年:10,114,160,217 / 5年:68,223,226,248,256,258,260 / 6年:53,296",full-text-heuristic,5,社会,本文で重要な社会科語として扱う。何を表す言葉か、どの単元で使うか、くらしや社会との関係を説明する。
食料品,new-candidate,B,33,"4,5","4年:23,24 / 5年:30,64,123,154,155,158,159,161",full-text-heuristic,3,社会,本文で重要な社会科語として扱う。何を表す言葉か、どの単元で使うか、くらしや社会との関係を説明する。
高知県,new-candidate,B,33,"3,4,5,6","3年:177 / 4年:10 / 5年:108,218,227,232,233,255,257,259 / 6年:46,189,190,296",full-text-heuristic,5,社会,本文で重要な社会科語として扱う。何を表す言葉か、どの単元で使うか、くらしや社会との関係を説明する。
アイヌの人,new-candidate,B,32,"5,6","5年:1,48,59,60,261 / 6年:22,74,151,152,178,233,293,295,296",full-text-heuristic,4,社会,本文で重要な社会科語として扱う。何を表す言葉か、どの単元で使うか、くらしや社会との関係を説明する。
ロシア連邦,new-candidate,B,32,"5,6","5年:9,10,11,15,16,17,18,52,147,166,253 / 6年:232",full-text-heuristic,8,社会,本文で重要な社会科語として扱う。何を表す言葉か、どの単元で使うか、くらしや社会との関係を説明する。
市や県,new-candidate,B,32,"4,6","4年:66,87,88,97,103,106,107,108,214,216 / 6年:42,54",full-text-heuristic,8,社会,本文で重要な社会科語として扱う。何を表す言葉か、どの単元で使うか、くらしや社会との関係を説明する。
朝鮮半島,new-candidate,B,32,"4,6","4年:165,179 / 6年:75,85,86,90,96,110,117,225",full-text-heuristic,2,地理,場所や広がり、自然条件を表す言葉。地図での位置、特色、人々のくらしとの関係を説明する。
県の地形,new-candidate,B,32,4,"4年:7,14,16,17,18,25,26,27,28,161",full-text-heuristic,2,地理,場所や広がり、自然条件を表す言葉。地図での位置、特色、人々のくらしとの関係を説明する。
石川県,new-candidate,B,32,"4,5,6","4年:10,74 / 5年:51,159,211,255,256,257,258,259,260 / 6年:143,296",full-text-heuristic,6,地理,場所や広がり、自然条件を表す言葉。地図での位置、特色、人々のくらしとの関係を説明する。
過去に起こった,new-candidate,B,32,4,"4年:83,84,97,98,99,100,101,102,103,104,108,109,110,217",full-text-heuristic,4,社会,本文で重要な社会科語として扱う。何を表す言葉か、どの単元で使うか、くらしや社会との関係を説明する。
(昭和55),new-candidate,B,31,"3,5","3年:152 / 5年:99,101,114,158,163,165,230,231",full-text-heuristic,13,社会,本文で重要な社会科語として扱う。何を表す言葉か、どの単元で使うか、くらしや社会との関係を説明する。
た見方,new-candidate,B,31,"3,4,5,6","3年:161,162 / 4年:213,214 / 5年:6,249,250 / 6年:6,291,292",full-text-heuristic,1,学び方,社会科で調べ、考え、表すときに使う方法の言葉。何をする場面で使うか、どんな手順か、学習問題との関係を説明する。
キャベツ,new-candidate,B,31,"3,4,5","3年:84,86 / 4年:11,21 / 5年:39,41,51,62,63,64,109,110,255,256",full-text-heuristic,3,社会,本文で重要な社会科語として扱う。何を表す言葉か、どの単元で使うか、くらしや社会との関係を説明する。
三重県,new-candidate,B,31,"4,5,6","4年:10,12,84 / 5年:159,239,247,255,257,259 / 6年:164,230,236",full-text-heuristic,7,社会,本文で重要な社会科語として扱う。何を表す言葉か、どの単元で使うか、くらしや社会との関係を説明する。
水害にそなえて,new-candidate,B,31,4,"4年:100,103,105,107,108,109,110",full-text-heuristic,7,安全・防災,安全を守るしくみや備えを表す言葉。災害・事故に対して、だれがどのように行動するかを説明する。
社会科で使う見方・考え方,new-candidate,B,31,"3,4,5,6","3年:1,6 / 4年:1,6 / 5年:1,6 / 6年:1,6",full-text-heuristic,5,学び方,社会科で調べ、考え、表すときに使う方法の言葉。何をする場面で使うか、どんな手順か、学習問題との関係を説明する。
福岡空港,new-candidate,B,31,"4,6","4年:23,25,26,162,203,204,209,210 / 6年:271",full-text-heuristic,3,社会,本文で重要な社会科語として扱う。何を表す言葉か、どの単元で使うか、くらしや社会との関係を説明する。
見つけよう,new-candidate,B,31,"3,4,5,6","3年:8,31 / 4年:6,8 / 5年:8,10,74,103 / 6年:8,80,82,112,130",full-text-heuristic,5,社会,本文で重要な社会科語として扱う。何を表す言葉か、どの単元で使うか、くらしや社会との関係を説明する。
鉄鋼,new-candidate,B,31,"4,5","4年:23,24 / 5年:124,143,144,149,151,152,153,157,257,258",full-text-heuristic,7,社会,本文で重要な社会科語として扱う。何を表す言葉か、どの単元で使うか、くらしや社会との関係を説明する。
(東京都),new-candidate,B,30,"5,6","5年:16,22,96,234,248 / 6年:66,76,139,195,216,242,271",full-text-heuristic,6,社会,本文で重要な社会科語として扱う。何を表す言葉か、どの単元で使うか、くらしや社会との関係を説明する。
kome,new-candidate,B,30,5,"5年:62,63,69,76,78,79,80,81,86",full-text-heuristic,12,社会,本文で重要な社会科語として扱う。何を表す言葉か、どの単元で使うか、くらしや社会との関係を説明する。
タブレット型,new-candidate,B,30,"3,4,5,6","3年:1,3 / 4年:1,3 / 5年:1,3,4,132,185,187 / 6年:1,3,4",full-text-heuristic,4,社会,本文で重要な社会科語として扱う。何を表す言葉か、どの単元で使うか、くらしや社会との関係を説明する。
ベトナム,new-candidate,B,30,"4,5,6","4年:204 / 5年:113,149,150,151,157,166,253 / 6年:209,210,239,241,249",full-text-heuristic,4,社会,本文で重要な社会科語として扱う。何を表す言葉か、どの単元で使うか、くらしや社会との関係を説明する。
国宝世界遺産,new-candidate,B,30,6,"6年:97,103,104,113,120,121,122,145,180",full-text-heuristic,2,国際,日本と世界のつながりを表す言葉。国や地域の違い、協力、課題解決との関係を説明する。
小笠原諸島,new-candidate,B,30,"5,6","5年:21,22,226,248,260 / 6年:76,174,225,226",full-text-heuristic,2,地理,場所や広がり、自然条件を表す言葉。地図での位置、特色、人々のくらしとの関係を説明する。
森林のはたらき,new-candidate,B,30,"4,5","4年:63 / 5年:2,223,227,228,234,235,236,250",full-text-heuristic,2,環境,自然や資源、環境を守る取り組みに関わる言葉。問題点、工夫、これからのくらしとの関係を説明する。
(北海道),new-candidate,B,29,"4,5,6","4年:11,12 / 5年:16,22,24,30,31,210,220,234,248 / 6年:173",full-text-heuristic,5,地理,場所や広がり、自然条件を表す言葉。地図での位置、特色、人々のくらしとの関係を説明する。
(平成12),new-candidate,B,29,"4,5,6","4年:45,111,128,169 / 5年:80,81,158,185,187 / 6年:274",full-text-heuristic,9,社会,本文で重要な社会科語として扱う。何を表す言葉か、どの単元で使うか、くらしや社会との関係を説明する。
ら行,new-candidate,B,29,"3,5,6","3年:50,103,161 / 5年:121,234,261 / 6年:22,26,41,62,73,294,295",full-text-heuristic,3,社会,本文で重要な社会科語として扱う。何を表す言葉か、どの単元で使うか、くらしや社会との関係を説明する。
プラスチック,new-candidate,B,29,"4,5,6","4年:31,32,33,44,50,72 / 5年:145,146,148,149,151,244 / 6年:261",full-text-heuristic,3,社会,本文で重要な社会科語として扱う。何を表す言葉か、どの単元で使うか、くらしや社会との関係を説明する。
世紀せいき,new-candidate,B,29,6,"6年:74,96,112,122,132,144,156,172,206,222",full-text-heuristic,9,社会,本文で重要な社会科語として扱う。何を表す言葉か、どの単元で使うか、くらしや社会との関係を説明する。
人以上,new-candidate,B,29,"3,4,5,6","3年:106 / 4年:87 / 5年:38,161,212,251 / 6年:190,205,215,217,218,219,283",full-text-heuristic,3,社会,本文で重要な社会科語として扱う。何を表す言葉か、どの単元で使うか、くらしや社会との関係を説明する。
人権の尊重,new-candidate,B,29,6,"6年:15,16,18,21,33,270,288,291,295",full-text-heuristic,1,社会,本文で重要な社会科語として扱う。何を表す言葉か、どの単元で使うか、くらしや社会との関係を説明する。
兆円,new-candidate,B,29,"5,6","5年:124,149,150,151,154,155,158,159,161,192 / 6年:56",full-text-heuristic,7,社会,本文で重要な社会科語として扱う。何を表す言葉か、どの単元で使うか、くらしや社会との関係を説明する。
大切だと思う,new-candidate,B,29,"3,4,5,6","3年:74,112 / 4年:124 / 5年:88,171,172 / 6年:34,50,268,269,286,288",full-text-heuristic,5,社会,本文で重要な社会科語として扱う。何を表す言葉か、どの単元で使うか、くらしや社会との関係を説明する。
岡山県,new-candidate,B,29,"4,5,6","4年:10,121,199 / 5年:122,154,159,224,255,257,259 / 6年:296",full-text-heuristic,7,地理,場所や広がり、自然条件を表す言葉。地図での位置、特色、人々のくらしとの関係を説明する。
島根県,new-candidate,B,29,"4,5,6","4年:10,13 / 5年:18,19,143,247,255,257,259 / 6年:45,138,231,296",full-text-heuristic,3,地理,場所や広がり、自然条件を表す言葉。地図での位置、特色、人々のくらしとの関係を説明する。
択捉島,new-candidate,B,29,"4,5,6","4年:10 / 5年:15,16,17,18,47,100 / 6年:232",full-text-heuristic,3,地理,場所や広がり、自然条件を表す言葉。地図での位置、特色、人々のくらしとの関係を説明する。
東シナ海,new-candidate,B,29,"5,6","5年:10,17,19,33,90,97 / 6年:95,250",full-text-heuristic,3,地理,場所や広がり、自然条件を表す言葉。地図での位置、特色、人々のくらしとの関係を説明する。
機械工業,new-candidate,B,29,5,"5年:123,158,159,160,161,164,171,172",full-text-heuristic,3,産業,ものをつくる、運ぶ、売る仕事に関わる言葉。生産者・消費者・地域・外国とのつながりを説明する。
水不足,new-candidate,B,29,"4,5,6","4年:61,62,133,206 / 5年:37,38,68 / 6年:274,283",full-text-heuristic,1,環境,自然や資源、環境を守る取り組みに関わる言葉。問題点、工夫、これからのくらしとの関係を説明する。
知床,new-candidate,B,29,5,"5年:21,22,23,24,27,28,48,100,226,248,260",full-text-heuristic,7,社会,本文で重要な社会科語として扱う。何を表す言葉か、どの単元で使うか、くらしや社会との関係を説明する。
鶴見川,new-candidate,B,29,3,"3年:19,20,30,35,36,72,88",full-text-heuristic,5,地理,場所や広がり、自然条件を表す言葉。地図での位置、特色、人々のくらしとの関係を説明する。
内閣総理大臣,existing,B,28,6,"6年:20,27,30,191,295",full-text-heuristic,3,政治,社会のきまりや政治のしくみを表す言葉。だれが、何を、何のために行うのか、くらしとの関係を説明する。
征夷大将軍,existing,B,28,6,"6年:75,115,119,139,293",full-text-heuristic,3,社会,本文で重要な社会科語として扱う。何を表す言葉か、どの単元で使うか、くらしや社会との関係を説明する。
配水池,existing,B,28,4,4年:57,full-text-heuristic,1,環境,自然や資源、環境を守る取り組みに関わる言葉。問題点、工夫、これからのくらしとの関係を説明する。
カナダ,new-candidate,B,28,"5,6","5年:12,14,113,147,166,254 / 6年:240,241,243,244,246",full-text-heuristic,6,社会,本文で重要な社会科語として扱う。何を表す言葉か、どの単元で使うか、くらしや社会との関係を説明する。
仙台,new-candidate,B,28,"4,5,6","4年:12,204 / 5年:51,78,102,108,136,159,256 / 6年:51,178",full-text-heuristic,6,社会,本文で重要な社会科語として扱う。何を表す言葉か、どの単元で使うか、くらしや社会との関係を説明する。
学習の進め方,new-candidate,B,28,"3,4,5,6","3年:1,7,8 / 4年:1,7,8 / 5年:1,7,8 / 6年:1,7,8",full-text-heuristic,4,学び方,社会科で調べ、考え、表すときに使う方法の言葉。何をする場面で使うか、どんな手順か、学習問題との関係を説明する。
戦後,new-candidate,B,28,6,"6年:24,196,199,222,223,224,230,231,232,234,235,278",full-text-heuristic,4,社会,本文で重要な社会科語として扱う。何を表す言葉か、どの単元で使うか、くらしや社会との関係を説明する。
東京オリンピック,new-candidate,B,28,"3,6","3年:147,155 / 6年:76,222,227,228,229,230,234,235,294,296",full-text-heuristic,4,社会,本文で重要な社会科語として扱う。何を表す言葉か、どの単元で使うか、くらしや社会との関係を説明する。
近年,new-candidate,B,28,"5,6","5年:84,99,124,140,163,170,189,217,232 / 6年:66,233",full-text-heuristic,6,社会,本文で重要な社会科語として扱う。何を表す言葉か、どの単元で使うか、くらしや社会との関係を説明する。
香川県,new-candidate,B,28,"4,5,6","4年:10,199,217 / 5年:25,122,159,255,257,259 / 6年:88,160,296",full-text-heuristic,4,地理,場所や広がり、自然条件を表す言葉。地図での位置、特色、人々のくらしとの関係を説明する。
(韓国),new-candidate,B,27,"4,5,6","4年:204 / 5年:15,17,19,253 / 6年:194,196,226,231,294",full-text-heuristic,7,社会,本文で重要な社会科語として扱う。何を表す言葉か、どの単元で使うか、くらしや社会との関係を説明する。
kuruma,new-candidate,B,27,"4,5","4年:144 / 5年:123,124,125,126,127,128,133,136",full-text-heuristic,9,社会,本文で重要な社会科語として扱う。何を表す言葉か、どの単元で使うか、くらしや社会との関係を説明する。
どのような様子,new-candidate,B,27,"3,4,6","3年:7,15,17,19,31,35,39 / 4年:7,16,17 / 6年:129",full-text-heuristic,5,社会,本文で重要な社会科語として扱う。何を表す言葉か、どの単元で使うか、くらしや社会との関係を説明する。
インターネットなど,new-candidate,B,27,"5,6","5年:77,168,199,202 / 6年:37,242,249,255",full-text-heuristic,1,社会,本文で重要な社会科語として扱う。何を表す言葉か、どの単元で使うか、くらしや社会との関係を説明する。
クイズ,new-candidate,B,27,"3,4,5,6","3年:3 / 4年:3,10,13,14 / 5年:3,12,63,186 / 6年:3,74,239",full-text-heuristic,3,社会,本文で重要な社会科語として扱う。何を表す言葉か、どの単元で使うか、くらしや社会との関係を説明する。
与那国島,new-candidate,B,27,"4,5","4年:10 / 5年:15,16,17,19,33,51",full-text-heuristic,3,地理,場所や広がり、自然条件を表す言葉。地図での位置、特色、人々のくらしとの関係を説明する。
他の人と見せ合って,new-candidate,B,27,5,"5年:41,43,45,81,141,151,153,155,221",full-text-heuristic,9,社会,本文で重要な社会科語として扱う。何を表す言葉か、どの単元で使うか、くらしや社会との関係を説明する。
博多港,new-candidate,B,27,"4,6","4年:23,25,26,203,204,209,210 / 6年:271",full-text-heuristic,1,社会,本文で重要な社会科語として扱う。何を表す言葉か、どの単元で使うか、くらしや社会との関係を説明する。
国後島,new-candidate,B,27,"4,5,6","4年:10 / 5年:17,18,47,100 / 6年:232",full-text-heuristic,5,地理,場所や広がり、自然条件を表す言葉。地図での位置、特色、人々のくらしとの関係を説明する。
国際協,new-candidate,B,27,"5,6","5年:241 / 6年:1,24,273,283,284,286,295",full-text-heuristic,1,国際,日本と世界のつながりを表す言葉。国や地域の違い、協力、課題解決との関係を説明する。
地域防災,new-candidate,B,27,4,"4年:87,88,97,98,105,106,109,217",full-text-heuristic,1,安全・防災,安全を守るしくみや備えを表す言葉。災害・事故に対して、だれがどのように行動するかを説明する。
場所によって,new-candidate,B,27,"3,4","3年:27,28,44,161 / 4年:5,9,16,21,22,23,30",full-text-heuristic,5,社会,本文で重要な社会科語として扱う。何を表す言葉か、どの単元で使うか、くらしや社会との関係を説明する。
樺太,new-candidate,B,27,"5,6","5年:17,47,50,52,59 / 6年:74,195,196,218,225,232",full-text-heuristic,5,社会,本文で重要な社会科語として扱う。何を表す言葉か、どの単元で使うか、くらしや社会との関係を説明する。
水害にそなえる,new-candidate,B,27,4,"4年:1,104,105,107,108,109,110",full-text-heuristic,3,安全・防災,安全を守るしくみや備えを表す言葉。災害・事故に対して、だれがどのように行動するかを説明する。
社会の課題,new-candidate,B,27,"5,6","5年:7,197 / 6年:35,38,45,46,47,60",full-text-heuristic,1,社会,本文で重要な社会科語として扱う。何を表す言葉か、どの単元で使うか、くらしや社会との関係を説明する。
福島県,new-candidate,B,27,"4,5,6","4年:10,13 / 5年:69,160,256,258,260 / 6年:65,66,198,282,296",full-text-heuristic,3,地理,場所や広がり、自然条件を表す言葉。地図での位置、特色、人々のくらしとの関係を説明する。
空襲,new-candidate,B,27,"3,6","3年:141 / 6年:76,205,206,210,215,216,217,219,221,293,296",full-text-heuristic,3,社会,本文で重要な社会科語として扱う。何を表す言葉か、どの単元で使うか、くらしや社会との関係を説明する。
調べてみたいな,new-candidate,B,27,"3,4,5","3年:27,99,160 / 4年:72,78,126,163,184 / 5年:61,178",full-text-heuristic,7,社会,本文で重要な社会科語として扱う。何を表す言葉か、どの単元で使うか、くらしや社会との関係を説明する。
首都,new-candidate,B,27,"3,5,6","3年:33,34 / 5年:219,241 / 6年:208,227,243,249,255,261,271",full-text-heuristic,5,社会,本文で重要な社会科語として扱う。何を表す言葉か、どの単元で使うか、くらしや社会との関係を説明する。
機械類,existing,B,26,"5,6","5年:149,150,151 / 6年:245",full-text-heuristic,3,社会,本文で重要な社会科語として扱う。何を表す言葉か、どの単元で使うか、くらしや社会との関係を説明する。
午前,new-candidate,B,26,"3,5,6","3年:78,106,122 / 5年:95,96,98,132,181,189,190 / 6年:260",full-text-heuristic,4,社会,本文で重要な社会科語として扱う。何を表す言葉か、どの単元で使うか、くらしや社会との関係を説明する。
書いたら,new-candidate,B,26,5,"5年:40,42,44,79,139,149,152,154,217",full-text-heuristic,8,社会,本文で重要な社会科語として扱う。何を表す言葉か、どの単元で使うか、くらしや社会との関係を説明する。
東京湾,new-candidate,B,26,"3,5","3年:30,34,36,72,98,148,150,154 / 5年:102,167",full-text-heuristic,6,社会,本文で重要な社会科語として扱う。何を表す言葉か、どの単元で使うか、くらしや社会との関係を説明する。
歯舞群島,new-candidate,B,26,"4,5,6","4年:10 / 5年:17,18,47,100 / 6年:232",full-text-heuristic,4,地理,場所や広がり、自然条件を表す言葉。地図での位置、特色、人々のくらしとの関係を説明する。
福井県,new-candidate,B,26,"4,5,6","4年:10,74 / 5年:79,159,220,255,257,259 / 6年:163,296",full-text-heuristic,6,社会,本文で重要な社会科語として扱う。何を表す言葉か、どの単元で使うか、くらしや社会との関係を説明する。
色丹島,new-candidate,B,26,"4,5,6","4年:10 / 5年:17,18,47,100 / 6年:232",full-text-heuristic,4,地理,場所や広がり、自然条件を表す言葉。地図での位置、特色、人々のくらしとの関係を説明する。
子育て支援,existing,B,25,6,"6年:39,40,41",full-text-heuristic,4,社会,本文で重要な社会科語として扱う。何を表す言葉か、どの単元で使うか、くらしや社会との関係を説明する。
(データ),new-candidate,B,25,5,"5年:195,198,201,207,261",full-text-heuristic,5,社会,本文で重要な社会科語として扱う。何を表す言葉か、どの単元で使うか、くらしや社会との関係を説明する。
せんたく水産業のさかんな地域,new-candidate,B,25,5,"5年:89,107,109,111,112",full-text-heuristic,5,産業,ものをつくる、運ぶ、売る仕事に関わる言葉。生産者・消費者・地域・外国とのつながりを説明する。
国際社,new-candidate,B,25,"5,6","5年:18 / 6年:24,225,226,231,284,285",full-text-heuristic,1,国際,日本と世界のつながりを表す言葉。国や地域の違い、協力、課題解決との関係を説明する。
外国との関係,new-candidate,B,25,"5,6","5年:100 / 6年:74,75,166,172,194,202,219,222,224,230",full-text-heuristic,3,国際,日本と世界のつながりを表す言葉。国や地域の違い、協力、課題解決との関係を説明する。
持続可能な開発目標(SDGs),new-candidate,B,25,"5,6","5年:2 / 6年:2,67,282,286,288",full-text-heuristic,3,国際,日本と世界のつながりを表す言葉。国や地域の違い、協力、課題解決との関係を説明する。
日米修好通商,new-candidate,B,25,6,"6年:173,174,186,188,201,294,296",full-text-heuristic,1,産業,ものをつくる、運ぶ、売る仕事に関わる言葉。生産者・消費者・地域・外国とのつながりを説明する。
相模川,new-candidate,B,25,4,"4年:55,56,57,61,64,65",full-text-heuristic,3,地理,場所や広がり、自然条件を表す言葉。地図での位置、特色、人々のくらしとの関係を説明する。
自分たちのくら,new-candidate,B,25,"3,4,5","3年:110 / 4年:33,51,71,213 / 5年:7,184,224,234,236,251",full-text-heuristic,3,社会,本文で重要な社会科語として扱う。何を表す言葉か、どの単元で使うか、くらしや社会との関係を説明する。
